"Actual","Predicted"
9879.668,9914.69931500922
9881.034,9928.95519401471
9012.165,9003.11337702178
6963.761,6980.14734378221
7937.405,7930.23978954062
7836.088,7891.30609788786
7270.13,7293.82731357884
9435.325,9486.66650294205
8028.877,8014.81031258037
9103.539,9051.03514333854
8667.556,8684.87200763693
8989.29,8993.33398200104
9918.751,9946.96633549697
10016.313,9981.08867493611
9986.239,9967.31884518262
9520.238,9523.45775274402
10011.035,9975.67012910861
9088.291,9054.57822609753
9321.503,9308.43498507144
8957.82,8985.76606386037
9414.628,9349.9507209342
8740.124,8715.7406686043
9260.53,9290.88954822516
9615.518,9564.86153207478
6841.965,6831.7560449211
8958.712,8985.46666159605
9879.038,9920.64062093131
7817.117,7873.60614248241
9956.851,9954.47011084082
9383.526,9342.8042682965
7051.018,7039.08055049862
9248.433,9283.41541758919
8032.895,7995.56025939063
9966.677,9972.09449063539
6905.736,6891.26578995877
6943.549,6897.97810762927
7022.127,6963.29940403013
9931.146,9953.12082497663
9968.188,9961.53307857688
10005.261,9975.99307321723
6879.967,6944.19588921061
8776.411,8734.10565359309
7887.427,7921.90306236197
6896.429,6938.3338369473
9081.37,9034.28987856827
9487.153,9518.0521136139
9463.424,9501.87637130235
9495.975,9523.85408969559
9999.7,9964.28921854746
9382.505,9331.86219170459
9043.721,9032.94989219133
7080.305,7049.76213058061
8582.169,8642.33766929203
7358.818,7307.53374448693
9583.421,9556.98553427582
6846.632,6921.06831762418
9459.035,9498.21585458744
9586.212,9550.4685378463
9237.482,9271.05543493578
9904.139,9936.37215875866
7888.012,7933.62592999192
6791.217,6839.03785959882
7036.802,7021.66234622673
9013.406,9009.35899814562
9540.653,9534.11771155901
6887.714,6873.34811583345
7313.632,7279.56108214571
9953.697,9958.43338162792
7299.857,7310.72694573309
6910.508,6869.64267703459
9062.064,9015.31017432607
9309.136,9308.49664774047
8602.967,8657.80363356611
6989.927,6988.24086182539
6998.668,6997.93895706747
9897.858,9929.82201817734
7313.545,7306.61656451486
9404.627,9347.59022032998
7031.178,7021.72529903051
7099.85,7049.24882127999
9985.373,9968.58412923888
7988.758,7982.80668364339
8777.19,8727.3614472338
6973.075,6922.14584811626
9498.877,9519.58949156259
6892.829,6855.15216595703
9969.481,9959.7265835727
7264.007,7301.00234092593
9395.346,9340.39989438672
7235.542,7255.51528788951
6866.38,6942.49438886539
7165.679,7219.62001164938
6927.539,6907.13422674543
9405.058,9346.33541548974
7351.316,7331.39715360594
8641.51,8673.39337930738
7262.881,7276.85452622967
9460.461,9509.41482197237
7982.806,7958.78689257535
7865.593,7906.96074745839
9100.399,9049.27370569842
8702.152,8699.35485508408
9271.587,9296.5029188807
7846.146,7906.21476061503
9356.514,9329.674640198
9588.651,9552.29654644503
7972.068,7972.71893781012
7307.776,7287.92012392158
6861.048,6837.58814453946
6827.748,6835.01948733297
6963.76,6970.41452164917
9485.007,9511.80034982352
8718.749,8694.33709663106
7402.839,7354.3151217721
7291.217,7271.49340729067
9495.664,9522.08197633242
9514.979,9524.96655659261
7120.082,7054.71524915816
10082.348,10016.3583976243
9338.865,9315.97068146115
7929.038,7938.27650962724
7305.939,7287.45779420769
7305.868,7315.25668733056
7882.656,7917.65566696475
7927.184,7970.45591879954
7217.09,7263.65541173835
7345.448,7327.27836067638
9069.333,9026.1463338628
6960.952,6978.3230707363
7916.708,7928.91345764136
9522.052,9527.36611302629
7326.929,7310.17344020986
9036.229,9031.58094109405
7008.995,7009.20823209689
7901.866,7949.69820386781
9552.55,9542.33688934518
6942.94,6946.37449583297
6933.133,6893.89016150604
7950.175,7939.49593181272
7949.576,7948.18920564489
7057.426,6977.9667008429
9267.779,9282.65943656248
8625.92,8669.29658443834
8003.486,7975.18859599651
8726.133,8701.30105302822
7339.101,7284.94219213622
9471.39,9504.56543777726
9422.493,9494.92056513459
7212.517,7246.85075310341
8926.626,8982.56081836469
9396.256,9344.31763245414
6996.091,6958.54398186029
8586.13,8637.57542892665
6928.997,6974.19632601803
8694.803,8707.34085682906
8636.255,8672.88513061234
10058.09,10011.2430321812
9342.925,9318.57665248247
9305.618,9305.21705588439
6924.573,6880.65613393474
7253.463,7243.02610202977
8751.116,8719.65134667736
9948.838,9946.80706946892
9527.957,9528.25341234649
7202.216,7234.40985695282
8775.3,8729.68574220494
7987.237,7959.55472719862
9288.516,9300.84162572848
9949.171,9949.41565385103
7277.077,7252.57174703572
9402.644,9337.01849289767
8990.227,8990.85157297056
9419.03,9354.4311109163
10060.268,10008.8252163249
9250.172,9280.5796556336
9446.416,9495.4104889605
6816.845,6863.27172456329
7296.914,7256.20957151214
9947.994,9947.12256866336
7289.518,7303.49499413055
7861.138,7914.24921566034
9606.033,9568.49729418308
9866.925,9911.78734287925
6872.835,6929.1356733389
7279.267,7277.4030128756
8592.987,8644.83057652376
7983.241,7959.39506374212
9979.167,9957.16842106493
9400.75,9339.54238677603
9259.304,9271.53879148457
9891.076,9922.65406766667
6870.611,6885.70023392193
9313.431,9308.48441076287
9490.079,9512.76662356382
6912.759,6886.54584218702
8666.578,8677.66262432866
9023.331,9021.09687315552
7089.606,7038.06154618154
8786.362,8733.7497824786
9919.007,9939.75709216602
9983.861,9973.05239036308
8573.28,8637.84377852772
7297.498,7311.13426982941
7077.923,7049.96574651883
8991.136,8987.7766443024
9907.981,9931.62642453495
8588.914,8638.73011177875
6784.062,6818.66354972428
9592.844,9550.84972327792
6853.65,6845.95292013628
8052.947,8022.16724790073
9993.664,9968.81035501279
8599.387,8653.32851112181
8667.984,8679.14854672464
9055.022,9035.69871358927
7874.111,7902.68146462263
7102.866,7046.29514633799
8705.999,8687.81561638951
9420.331,9483.08752465528
10079.134,10014.3169631858
9564.245,9540.31408252204
7272.464,7267.17559986963
9890.133,9936.11647801132
7312.176,7284.93346460102
7274.233,7294.37645160905
8615.327,8664.28358731482
7967.17,7960.33543911659
8019.715,7978.98212864799
10005.219,9988.05089490155
6995.067,6994.40815423154
9559.876,9540.70431070612
8030.801,7985.33593929834
9309.348,9308.64456069677
9591.5,9553.22607385514
9239.094,9274.00164585797
9104.622,9044.36744251283
6997.468,6933.02917959506
6931.646,6975.06750343667
6942.296,6972.19855875324
6964.192,6990.26625006206
9045.091,9022.67803930382
8779.01,8728.3028640009
8973.455,8987.68121703634
7320.932,7307.8651408323
9439.566,9488.07856905749
9554.472,9540.42880087017
6883.378,6923.63327731532
8608.473,8653.56172369716
6945.953,6913.79858228126
7977.813,7973.80398019743
8019.788,7974.38284235329
9914.105,9947.97591212268
6905.77,6870.30512728772
9565.082,9552.42000160633
8639.309,8673.55867023406
9027.762,9018.25969488037
8590.504,8645.22156678018
8910.371,8959.9787384143
9908.989,9935.46929042691
8973.064,8981.14109160769
8056.158,8013.00517496345
8763.773,8717.71663442155
7945.105,7949.15519490225
9012.853,9014.72587330255
6865.566,6917.29726105829
7114.133,7068.40880262652
9934.939,9942.03970770437
9906.013,9930.87187351442
7120.418,7075.20241030624
7296.4,7312.40524806518
6840.427,6859.66622064702
7050.585,7039.99545122491
10030.382,9983.51676217731
6923.833,6918.21577773976
7322.689,7329.48659370468
9571.759,9539.90485727848
9933.242,9942.48677395454
8960.355,8994.11477821305
8927.744,8975.85897479546
10033.916,9996.04458808631
7359.945,7324.18711166822
6798.021,6852.0340658289
9391.854,9340.51469596076
10033.091,9970.92950422727
9365.64,9329.59012265995
9424.948,9481.53315578949
7291.328,7295.23419551663
8992.744,9001.68806620658
6915.375,6914.55260202739
9856.461,9897.97881814166
6895.16,6946.79850797663
6961.085,6924.49348267212
7054.959,7039.21048846812
9921.187,9943.48795691043
6866.554,6901.4739924218
8096.025,8029.1747831157
7907.642,7939.10600619618
7965.791,7974.84755938359
8923.258,8962.31751982742
6979.949,6988.01747937649
7161.277,7223.83892414658
6785.933,6837.48069738839
6806.412,6835.2465567252
8724.652,8715.15554545816
8786.865,8731.02204016367
9086.4,9046.44821179702
9076.997,9039.32981068042
9901.923,9935.12270425139
6961.163,6979.42338304984
7089.162,7058.62986932312
9877.701,9924.06551815211
7342.663,7336.24298168587
9560.252,9542.33995917289
8730.034,8711.96592094619
9434.083,9495.33519066105
8672.282,8690.41191860959
9359.398,9324.24957859998
7399.569,7353.4554216817
6760.014,6833.28214470113
9078.779,9035.44505509255
7393.204,7353.95854152589
7255.388,7256.64969332147
7020.173,7031.85910632637
9422.523,9358.56521867589
6931.561,6952.02560325625
9477.488,9518.68064130893
9064.716,9032.37213564731
9471.588,9510.89118071236
9040.969,9027.73788774703
10067.621,10007.2735804068
7325.203,7322.22772630315
8969,8992.89046276656
9856.561,9907.76465410443
7046.293,7036.71740936179
9349.522,9332.51647119741
7973.329,7980.38628252
9463.175,9509.44202535505
8953.42,8992.70125432955
6963.635,6976.27030129614
10054.401,10003.1117372381
9085.025,9035.60285387667
6822.719,6865.36008721707
9972.976,9966.93522703817
6914.836,6950.04733012837
10010.51,9973.00300497286
7214.576,7246.81110108237
8727.458,8708.60980954151
6864.151,6846.67218448039
7961.743,7976.75922182152
6970.424,6990.58240684418
9882.805,9922.76058870792
7200.03,7246.71620815989
9034.771,9018.9019848938
6855.084,6873.53844121242
7251.998,7275.89842466052
7969.355,7945.29189091541
8584.213,8641.16242064612
9264.424,9291.03473577622
7374.853,7338.90941764929
8920.546,8975.35386225842
8936.341,8972.63901904132
9890.689,9922.11304114973
6987.025,6992.81046821309
7290.407,7299.29272482854
7137.35,7086.7880245782
6851.13,6871.57285953561
10074.692,10009.8345352859
8965.682,8992.63536612599
9584.432,9557.93037981243
7229.723,7251.8336556705
8599.25,8653.08682541228
9065.102,9026.29979998913
9286.269,9296.72121511277
8996.657,9013.89776605015
6931.718,6971.24992935331
8005.985,7992.91872837237
10001.729,9972.07415236117
8953.23,8988.96651119115
7979.872,7962.95250696634
9418.059,9352.11011744485
7361.71,7331.83241129044
7042.89,7003.83461698041
7941.589,7938.300678114
8731.538,8723.97819533735
9233.991,9278.76322427073
6761.822,6808.62590465988
9022.964,9026.05756160246
6960.637,6922.61336239098
7400.435,7350.38323491716
9518.62,9528.95242833357
6862.654,6874.66611009539
8008.253,7981.05306624208
7124.435,7068.51033710149
8997.972,9000.20444629616
9034.303,9018.46248986958
8692.78,8699.39143108713
9441.357,9498.44382524393
6764.601,6794.5553551487
8595.467,8646.56190080413
9444.971,9494.4627207451
8924.019,8956.75845513822
7203.131,7262.22747760574
9459.094,9494.98692303432
6915.588,6884.73614455981
9870.308,9917.32111530512
9401.534,9339.24597634623
9295.095,9291.46066538131
6992.801,7022.4529287898
7897.468,7944.92990434442
7009.97,7004.0654198206
8949.51,8972.99201048361
10014.401,9968.939601493
7930.246,7968.97755684156
9033.836,9022.36639872377
9429.491,9361.3444799555
8720.608,8695.86965162228
9358.005,9327.18606238014
10020.447,9984.28737856923
9428.441,9487.09440107665
8001.28,7979.18688226667
6991.962,7002.89771870548
9531.737,9538.22392665488
8765.646,8727.92789262351
6830.959,6840.56411879739
6777.963,6825.22235755342
9007.188,9007.34610985003
7232.899,7273.35274186147
8667.47,8676.5477667086
6898.018,6943.61066702416
6755.296,6792.78966730237
9918.72,9941.56842185489
8741.058,8705.73420041313
7913.004,7956.96438505287
8606.055,8651.21718571166
9489.97,9509.74053377321
8972.832,8993.24371056213
8618.069,8655.45925925303
6741.028,6785.57833597345
7012.878,6956.31401876911
9475.554,9497.26066886182
9289.595,9289.22407723853
6919.393,6909.30229062769
8016.793,7980.6508989704
6806.23,6841.59779652739
8635.466,8653.16129351982
9435.955,9493.15678600278
8047.459,8019.39034798162
9299.953,9299.68485895989
9116.978,9071.38871808054
9913.127,9946.89553983778
8746.615,8721.72403462043
6860.115,6879.83952515091
7033.121,7019.27361260362
9972.306,9973.61961295824
8657.659,8677.14389011618
7069.712,7037.75688722039
9072.363,9031.15225813525
6724.729,6784.20118251585
9111.324,9052.43915597136
6788.878,6833.31144128694
6919.285,6964.91727596544
8584.664,8634.79917798362
9018.059,9023.62614932104
9032.884,9019.45091029878
8687.201,8698.54555116106
6922.766,6963.05199666614
9460.093,9499.17801575039
6917.14,6872.57711964721
7230.775,7247.87653341826
7938.056,7953.38354579903
6785.249,6822.74272036038
9426.182,9351.90954277245
8662.122,8682.41387812562
8652.635,8677.89172338185
8706.547,8696.95301225961
6912.19,6876.99042117176
9890.301,9920.67845586657
9411.86,9347.16038919016
9289.994,9300.50359537821
8937.591,8986.9211255279
9552.462,9545.31988108481
6827.17,6851.49598971577
6900.529,6941.34006325749
8640.119,8672.78734480797
9359.181,9322.8956544169
9112.038,9050.96181785478
8720.985,8698.79767526991
9553.893,9533.39161431963
9971.421,9967.90675477515
8954.461,8983.2828328283
9321.643,9315.04029546082
6937.643,6974.95038897349
7970.809,7952.24404394944
7977.119,7956.08977269712
7060.854,7042.52851519751
6971.841,6984.58399011761
9445.734,9492.38221190801
9582.026,9549.92440888225
8974.236,8986.96437921745
7074.813,7042.87190660625
6946.707,6969.09658972505
9471.727,9509.9094436753
8950.007,8988.62321422102
9531.185,9530.10907542429
6935.546,6960.28601226139
9961.095,9959.04727326647
7269.932,7286.2981011596
9008.235,8998.37842671254
6746.842,6788.22077714159
9521.684,9532.83237919631
9583.408,9542.01581662238
9289.427,9301.40173312636
8705.796,8705.94791024711
7995.8,7962.51832691321
8605.788,8660.34134729177
9521.833,9524.8693280862
8720.419,8700.44748751256
7224.485,7247.77945541436
9619.102,9571.13966631101
10020.115,9967.63509930124
7860.782,7900.12762078386
8631.37,8664.31714012099
9844.792,9895.4798343983
8016.116,7975.7465623074
8647.062,8671.82324295411
6827.262,6851.36445303747
6738.836,6797.82513653221
7275.688,7302.05506312481
8988.69,9002.60384515322
7378.702,7338.12406328262
8768.087,8717.38357239544
6930.984,6974.04011681075
10042.296,9985.40564166759
9258.72,9281.68694103364
7305.463,7261.47876483037
9397.001,9351.02998708773
9563.392,9545.07581208644
8633.953,8661.93487263021
7272.053,7270.65062881151
7892.737,7946.03241699771
8617.597,8662.48751081268
6979.852,6990.66561905472
9100.503,9054.22811384678
6890,6870.03121627507
9235.46,9277.5836456418
8095.396,8036.57138405704
9302.925,9304.34920853799
9866.46,9911.98770474349
7050.958,7026.64413292076
8019.68,8008.19653609196
7845.672,7899.66172842798
7075.568,7033.31274913475
7094.687,7038.75314051336
7936.91,7960.2158764791
7944.656,7944.47830488951
6979.221,7001.01508361089
9992.55,9970.073285203
6865.8,6873.24454968925
9270.449,9293.12205954993
6938.078,6980.00382490587
7284.333,7289.03620779142
9394.963,9349.59278777388
9932.176,9941.13711252672
7346.816,7299.30201785617
8963.934,8985.57464059436
10029.847,9987.31842330067
9055.101,9015.08623904192
7050.496,7031.20310854485
9440.986,9495.53898584381
9375.619,9331.86181749447
9554.659,9539.05048578027
9521.938,9533.13122996106
6924.906,6914.07914907799
6773.807,6793.35287086997
9457.445,9499.0225668697
9363.517,9331.05559755178
7256.384,7301.53507316638
6976.882,6939.7005733722
9006.143,9018.3038484197
8662.035,8675.48555730613
7991.683,7986.81084218451
8621.409,8656.14993691322
8674.115,8687.3685716205
9987.331,9983.02244067731
8077.589,8026.31624664854
9271.293,9283.46730270571
6918.103,6907.06378530683
6943.353,6963.59089029792
7358.528,7342.06943775075
8607.93,8664.96200266177
9551.026,9536.65607962286
7074.873,7032.82627872825
9229.877,9277.62765875511
6892.159,6908.49493432487
9063.252,9023.57025609331
8589.478,8639.60170516658
9313.31,9313.20709372806
7287.168,7296.42964799718
8661.303,8681.40229704822
8654.43,8682.14773079341
7257.289,7301.50636896106
9305.526,9310.44884077191
6970.092,6978.91485014602
7100.319,7060.10170385145
8713.956,8703.50030539297
7252.716,7256.23478463739
7266.221,7272.54964702788
7214.785,7234.99720801249
7190.535,7236.30238418056
9489.314,9504.69842078165
8606.977,8657.76860076066
8741.85,8723.17251888343
7256.784,7294.80729488479
8636.051,8667.29251140276
9012.583,9016.65612866865
7985.293,7985.47460079393
9856.883,9918.39461410361
8684.455,8677.89737165728
8749.203,8707.31641096872
9576.853,9550.92145163292
9057.328,9023.10249709766
9611.181,9567.61769203251
7002.177,7000.19603786992
7038.557,7039.44368886626
8032.715,8001.41110549148
7049.573,7034.09962250137
8639.002,8656.77772865324
9332.725,9301.32290317759
8691.13,8695.4666907561
9972.031,9965.99266418375
6883.277,6863.33475554376
8731.95,8701.88758230999
8780.777,8735.53248481242
8073.428,8018.88077245218
9413.21,9480.4830977729
8674.096,8678.24227014551
9439.299,9492.98565776987
9283.885,9284.9407822062
7279.691,7302.62428546128
7204.821,7221.87512861899
9073.471,9041.4800884852
8740.186,8714.87919589125
8667.711,8675.49430943255
6880.751,6888.55948200324
9450.875,9488.09499855952
8644.703,8664.49766662243
8017.011,7995.87003193855
9406.247,9342.61038243852
7038.548,7028.3000164363
7098.589,7048.8433523598
8057.73,8009.26011304574
9390.877,9336.41759765698
9061.462,9025.23785692476
8694.494,8687.70965927969
9959.163,9961.13601378434
9577.576,9545.40873670444
9949.501,9944.72329399486
6980.175,6953.39181807038
7194.948,7250.98941851115
9030.125,9020.31017447801
9874.419,9920.16529292367
7089.94,7051.31456179809
9350.026,9331.50524310728
9110.644,9064.07793480979
9390.78,9340.38097232935
6928.75,6896.78888818166
6929.288,6885.75459052048
7076.706,7052.03234277451
9955.331,9952.9420962623
8029.082,7975.05369180147
9324.229,9308.74414368755
6813.176,6829.61521525562
6958.934,6971.94639464966
8727.897,8703.14984276208
6904.641,6881.95235731199
7108.953,7074.46083302858
7405.97,7353.48174928966
6953.274,6923.55670923889
9049.017,9007.52373360427
9547.766,9531.11177340676
7997.63,7958.46167821624
6909.844,6874.85973236839
7256.703,7298.99740728353
6932.814,6901.80576211111
9404.47,9476.6173518089
8622.508,8665.67684212808
10076.627,10011.8720508084
6911.436,6965.25727276698
7165.917,7216.75653243955
8974.823,8994.15382676906
9397.916,9342.01081811829
10046.254,9991.77099959879
6829.348,6831.03994348435
8751.02,8724.73570587799
6931.704,6978.01837534116
6912.299,6870.8980335535
9970.453,9953.85990840454
9391.519,9347.88081579637
6967.898,7001.09944828885
8679.59,8693.91501978346
9565.831,9544.96248949733
7922.612,7925.17275172073
7299.498,7291.6716505742
8734.329,8710.44862520452
8644.838,8670.11238191986
9589.905,9550.75094272601
9580.533,9553.02345168459
8941.984,8980.95057720243
9548.906,9535.35418255522
9035.274,9007.24699184386
7358.934,7325.88608114795
9126.622,9065.26045453392
8945.465,8982.91180718536
7386.906,7343.68854684032
9971.897,9957.0462524641
9937.931,9951.55531704193
9495.756,9519.06722847686
9134.167,9066.46507640527
6938.549,6972.95657639813
9542.553,9529.09142854579
9994.027,9971.73984826331
8658.599,8681.59038263023
8993.259,8998.89555799484
9062.845,9037.15937433801
9597.055,9559.63608286294
6883.24,6943.26549977152
10018.824,9977.96221736552
9587.995,9553.3252234527
8620.223,8658.32690629551
8629.253,8669.41361742654
9412.981,9354.32555459749
9233.6,9266.40081906541
8962.634,8983.84516141785
9983.447,9959.44821464519
7020.749,7014.61126856812
6857.978,6858.77661274415
6788.514,6825.7089841519
7229.311,7270.96380074259
7079.434,7038.34689023854
7014.716,7024.06485765826
7134.865,7200.68967642817
8961.896,8988.92322319151
9497.019,9516.59517749193
6954.861,6978.05794484091
8656.294,8686.16817021979
9435.561,9362.55855512474
7288.523,7291.8943181518
6990.98,7006.83915272352
9522.611,9521.45338822865
6807.806,6831.77271284652
9252.535,9281.83861871692
9380.494,9346.18773550091
8725.825,8697.03456377754
6916.46,6892.97796406013
7076.896,7039.18791900597
7874.937,7912.85805970469
7223.207,7282.51728993481
9348.99,9320.41587300047
8706.349,8701.46012108814
7036.205,7031.0718035443
8937.634,8988.5364642169
7348.866,7328.65703956494
8680.439,8685.40895339286
9606.586,9558.74618889781
7914.637,7950.06128730472
6927.417,6886.44417730907
6760.282,6803.54416151886
6886.779,6881.78295035057
9504.643,9515.03028065796
6975.118,6953.10896476437
9461.868,9500.40675363475
10058.078,9998.32593792008
6909.415,6895.26868417509
7318.861,7273.00020626311
7255.175,7281.59731230742
9419.644,9355.00198774209
9427.606,9353.16338108014
6889.177,6877.0834961513
9423.222,9498.62985238595
9547.608,9533.19589084749
8048.366,8010.35880922825
9494.938,9522.51716684113
8710.385,8704.7988889933
9910.509,9934.94481628263
7115.322,7075.13052310644
9518.198,9521.70572269413
8756.639,8710.56715952133
8730.691,8718.76455860009
8589.587,8646.11875384756
8909.08,8954.43121589508
9592.085,9562.46232972147
6781.608,6830.32858994381
9060.187,9020.88246867233
6854.64,6872.24254669886
9032.064,9009.68900543097
8770.833,8726.26005961934
7349.912,7333.20260454758
9557.902,9549.02547194428
8935.141,8979.10222308327
8644.297,8673.78232936887
9071.663,9043.91990743971
9292.484,9303.04991037037
9477.255,9504.69902742621
9365.75,9335.57715426226
8965.702,8983.38310952468
7337.347,7305.02626749515
8658.365,8670.5640693292
9532.871,9525.49200115543
6921.976,6897.09027301428
7931.69,7960.9320854546
6921.366,6966.46564487963
7176.898,7229.86141475405
9492.989,9523.01441962555
8018.022,7967.9576911853
7338.73,7317.27792866401
7865.488,7901.48171015457
7848.171,7904.36791552806
8076.909,8016.04284891273
9049.952,9028.47461440126
7297.634,7288.8668323866
6985.278,6970.12403942623
7957.818,7959.13435417465
9490.143,9512.85543735538
8711.705,8709.87492269051
7366.547,7340.65485063555
9404.449,9352.12698119311
9941.489,9961.18619660728
9415.656,9343.56539571781
6991.083,6999.78872000321
9988.34,9969.30608037822
9057.859,9036.47477091265
10014.954,9969.74215578733
9883.205,9918.96590116227
8576.127,8642.03503383376
9013.32,9006.85529026265
10056.387,9995.42361379848
6965.098,6986.64236546629
6843.663,6882.89276774342
9420.408,9487.16679524548
7841.189,7893.66486337313
7132.195,7085.77411107722
8016.461,8011.10192900427
9429.52,9498.76050737345
6767.979,6813.12746914106
9335.136,9319.41960578929
8930.533,8969.09172524022
8625.397,8667.97238582735
7043.016,7020.84062099143
6897.714,6932.11241795231
6775.591,6809.12135906422
7968.224,7947.74996357966
6926.237,6905.02856205596
6850.93,6849.37735972631
9991.083,9969.36276119773
7908.041,7915.08141290995
6970.171,6969.97925076399
9301.379,9294.02672513481
7919.013,7969.67351996434
8984.974,8994.12225980666
9299.917,9302.41071618304
6924.872,6883.37960865214
8734.091,8703.57914233359
9471.803,9504.46279818081
6833.849,6857.60501921931
9061.964,9027.29370542279
7893.751,7933.66191244282
6870.126,6837.38418353622
7956.997,7948.41797893213
9976.682,9966.08568037237
7977.073,7956.24387974918
7372.791,7325.80369203628
8012.617,7986.71528016414
8938.174,8970.04785971396
9248.484,9282.08691619844
6785.444,6800.99661112129
6952.127,6994.06338021354
7329.336,7313.66021160802
9335.933,9318.57939495715
9465.447,9500.80502799858
9416.373,9483.36868235215
10011.415,9980.96883768016
8616.099,8665.90558271289
6932.025,6950.73688013066
7279.734,7289.63689781418
9399.934,9355.45412469387
7100.173,7043.02602396708
9318.421,9312.30050382538
8618.667,8659.87225462085
6828.596,6838.41858528637
9977.997,9970.97737639166
7406.71,7358.2807557445
9088.323,9034.02324039559
6918.302,6901.20911663334
7361.096,7320.62545427335
9928.898,9936.85129152591
9418.873,9481.44749411871
6981.2,6999.803270971
7013.126,7001.05357016919
9528.573,9526.37705344306
7221.529,7246.18072022253
10011.09,9981.44839318101
6903.957,6952.68832772082
10050.815,9988.70535321073
8672.06,8679.30454645706
8697.385,8699.79699335953
7255.45,7267.46938720625
7320.43,7272.26297930869
9409.347,9336.34698244108
8726.717,8705.38152396059
7242.003,7261.17232160497
7355.126,7305.3097851666
6892.273,6872.44835008996
9550.408,9540.38197366334
7073.929,7056.3076435574
7129.529,7079.74248296177
7095.364,7045.87173041265
9984.769,9966.51891538421
7289.87,7271.23700582051
9230.388,9270.61454883243
7848.821,7898.54385470869
8983.508,8999.26698957464
9943.354,9953.17849643411
8094.06,8033.55349442764
7928.528,7950.49716746575
7982.521,7990.79126144793
9515.774,9518.663858521
7225.742,7277.19656705321
8946.199,8979.57228370986
8971.068,8979.13151269898
7931.462,7942.15070313227
9583.842,9554.72017980052
7360.734,7312.63912980498
7069.162,7031.44707419885
8685.585,8682.09850441476
9324.153,9311.98096235432
6798.162,6805.33485054733
9527.686,9534.54740945725
7008.234,7004.55494845432
9346.224,9320.97588639152
6803.533,6841.18812833822
8720.121,8700.09389171395
6999.852,6997.98729486353
9082.356,9034.09632436087
9955.246,9951.97222726402
9030.302,9007.3485020557
7906.423,7920.32123149871
8969.414,8993.81581152395
9290.839,9296.67101876693
10005.812,9971.56914559563
7868.727,7910.39286804182
8965.027,8995.61829266396
9456.789,9505.13732164737
9493.267,9512.72050987583
6927.67,6895.45821097874
7188.363,7223.56382481333
9986.943,9968.15955510846
8694.113,8694.26217066406
7279.376,7268.75187955698
9031.773,9018.42952211259
9314.44,9312.84959625001
7235.856,7271.11822686291
9548.135,9531.99341974918
8719.394,8694.20404667426
7968.11,7986.27366472467
8966.833,8987.1923821153
6731.2,6786.61660585001
9544.71,9535.06137448346
7991.437,7965.97656529495
7978.421,7988.09701088705
9485.912,9519.35099059699
8611.772,8651.8063731902
8033.625,7993.9788377523
9606.929,9564.75165864059
10000.39,9960.40663812505
7295.79,7290.61497110307
8593.99,8644.52667212024
9060.257,9028.13137855386
8974.999,8976.70328634041
9407.357,9338.45003038276
9433.243,9494.43664456552
6974.845,6974.52366691429
9506.859,9526.19002362026
6958.527,6971.8822032449
9583.487,9555.31435332618
6947.582,6977.40417412397
7042.495,7018.65107509326
7058.76,7034.82965699348
7091.01,7050.81888052933
9470.677,9508.25078334759
8572.402,8638.01816990061
7877.466,7910.3299392936
8954.487,8980.03281949157
7840.076,7896.05036139034
6952.413,6915.54315859817
7032.648,7029.22098893838
9357.718,9326.65058158501
7361.36,7336.66526113697
7202.64,7248.87468637415
9943.213,9954.6702505767
9405.378,9347.44261139201
7291.984,7274.55710488463
9971.15,9954.3500947664
6932.501,6974.44199197354
9358.979,9330.72112370911
7978.342,7955.42728695593
6969.233,6928.89782370369
7258.918,7279.16938820679
7420.934,7363.31596495981
8757.987,8713.22731985309
9055.255,9029.63334421475
7005.015,7009.42104177553
9060.185,9036.83194097668
9030.22,9012.5373901657
7060.342,7041.72419101464
9046.47,9030.25503000723
9334.522,9324.23530662557
9891.222,9932.26512046868
7377.666,7336.03291355515
9980.766,9962.99814085484
9339.025,9322.99891527943
10025.466,9988.8834000572
7223.486,7258.67578472337
7092.533,7046.10247674022
9263.59,9290.35203917285
7253.461,7253.27406524209
9445.499,9495.4582917956
8779.157,8738.18127451064
6952.278,6926.96756801037
8744.854,8709.84384186932
6985.215,6985.73302409318
8015.104,7997.2396541686
9896.885,9945.16920843608
9893.756,9923.30065159145
7311.772,7321.50034182696
8020.235,7995.87466931898
7868.805,7911.12680765154
7960.707,7959.50784952847
9292.059,9309.43342240368
9334.683,9314.06258845949
6999.916,6991.68015516518
6865.196,6857.83283760951
9457.041,9505.90546009266
7939.028,7964.63701526132
7425.157,7365.25729368435
9915.536,9940.581906914
7367.372,7325.58511102087
9990.155,9960.5822024692
9052.151,9005.86283227476
6942.359,6975.87507359296
9292.523,9304.09911307835
6964.904,6990.36200460556
7038.192,7013.20369408842
8749.174,8715.09040554251
8738.671,8710.53221292368
7074.085,7042.91680207695
9392.923,9342.39287942284
8612.945,8656.02968167509
8748.193,8729.23964782719
10029.643,9971.25049329795
6892.793,6900.24619426885
7062.419,7028.3097383087
9362.428,9330.63500282572
6953.64,6995.61454228337
9530.705,9525.03091730547
8632.597,8659.62713161517
10026.66,9979.59765692651
9362.723,9326.01988081156
7258.038,7262.20803823717
8947.134,8974.27701891026
9060.031,9027.30688666685
7171.572,7207.46124447067
9537.04,9537.01609153053
6921.867,6879.83986307737
9573.49,9542.46530959545
7315.375,7292.335353456
9274.543,9280.87752435088
8682.709,8701.08479969564
9357.551,9327.15220316708
9530.538,9533.43969501809
8007.289,7994.13321672767
9367.117,9327.4615598189
9417.027,9486.09059081487
7263.138,7262.04404425579
7964.775,7953.30770661291
9934.227,9945.64897382353
9279.079,9296.80388464147
6911.749,6890.74080951691
7227.925,7254.82131524968
6877.069,6880.78129843098
7859.726,7898.48121352809
7954.873,7968.0558646439
7974.899,7963.08702816224
7139.252,7077.75826959002
9069.592,9031.39583110989
9353.472,9316.71196053777
8934.125,8970.91416834501
7389.906,7355.19000000575
9444.117,9497.90138820897
8735.092,8716.85888424418
9889.607,9924.64545410945
6951.135,6923.44054025215
9962.158,9955.25137122003
6955.88,6933.16450888278
6989.393,6992.37993303648
7924.636,7916.77041031632
8934.735,8980.68703144767
7116.816,7066.82307864753
7238.713,7248.47648997964
9921.835,9923.01222172606
7300.795,7286.69796195186
7232.713,7269.06585125298
9488.952,9511.41523606996
9516.875,9519.39054146533
7216.219,7264.22539478535
9924.529,9953.2065727537
7223.984,7255.02559213768
8986.218,8999.15589502852
9218.357,9261.09429448656
8724.378,8701.68233155646
8998.919,9009.75872254196
8975.833,8997.70520462583
9311.219,9298.37091625998
9513.056,9532.01095392389
9238.8,9263.5151459098
8708.325,8697.45981099812
9588.402,9556.68862512354
9464.413,9497.49188755015
9438.394,9493.83027522119
8010.117,7963.53011898021
7056.186,7036.5391144706
7286.951,7299.32723441096
6893.543,6879.2914199837
8788.716,8742.92761071846
9485.916,9506.67642144039
9904.273,9935.45291749228
9979.25,9970.28032661745
8754.368,8728.8640616872
7889.883,7927.45952645989
8930.212,8968.15992834545
9604.208,9568.10315082162
6765.226,6804.44503466404
7807.551,7869.33869178364
9042.024,9007.33440673102
8646.263,8668.65907464855
6992.061,7002.61805833082
7998.102,7985.81837535372
9919.679,9949.44838323873
9271.115,9293.59459777117
6903.16,6877.57948943919
9300.5,9308.3579104836
8581.814,8641.49160895059
7901.968,7934.32995614684
7072.83,7034.11261227017
6968.78,6910.71097045832
8756.415,8717.61017187563
9437.28,9490.27255409298
7068.434,7036.60985380631
7281.575,7289.18803931558
6803.585,6815.95300112213
9113.568,9051.31610121608
6873.363,6853.92673341761
7955.332,7971.44779846944
8999.472,8999.2382429537
9886.17,9913.19432044483
7036.431,7030.26521985891
9470.677,9504.44911092124
7262.722,7262.89462827571
8635.136,8681.25855612745
7326.367,7310.95956803114
7303.516,7279.82886332779
9973.51,9961.62405989078
6997.011,6996.13724169003
7845.694,7899.67931800298
6964.889,6904.64470427887
6877.7,6938.52334095322
6967.337,6971.6017411674
7056.325,7038.84486702681
9547.909,9533.78785751987
8964.91,8993.23393811241
9890.806,9920.05022452562
8952.906,8983.62757162036
9915.2,9937.74535705822
10030.333,9984.18852466013
9485.556,9511.4850348791
7967.236,7974.26650351276
8791.542,8741.93035885677
7900.208,7920.87605610965
9095.695,9047.20567253408
7939.568,7975.271907882
9514.762,9518.02219041178
7341.627,7315.39953669059
9481.741,9510.59610945576
10015.913,9983.15582623009
9430.448,9364.10233729389
7277.637,7303.32128349202
9546.788,9535.00084403624
7326.469,7307.87280574826
9893.316,9933.14636290045
8901.319,8953.38110352866
9907.758,9941.57564383118
6836.351,6860.85990285497
6827.588,6859.70910481923
6897.221,6896.43769496462
9928.738,9947.97406538944
7240.697,7255.11428737397
8700.323,8687.98062460718
7855.98,7906.36863713098
9114.38,9054.83389066329
8935.044,8966.03121309638
8997.186,8996.32309547826
9096.452,9047.76729353377
7932.481,7932.1024852608
9556.771,9540.75028369352
8685.893,8684.01437327579
9381.562,9335.90440262379
9505.912,9517.18398254002
8918.164,8964.731380617
7028.351,7009.76439839567
8773.263,8725.42465925801
9041.348,9024.92710425003
7240.053,7283.70482755083
7998.927,7986.33787708946
10011.603,9977.20984896113
6901.833,6915.71730720849
7023.942,6998.24662406012
10016.261,9981.84051411559
6765.213,6818.40566007639
7057.436,7043.41032146245
8087.021,8033.03390834547
6885.77,6864.4736655573
8946.033,8974.61243078874
7336.381,7313.68409939566
9034.311,9011.25966994347
8603.651,8660.54791671549
7070.024,7033.18017467385
7434.438,7365.60373631844
8669.115,8680.86508618244
8621.729,8657.4743682616
8963.024,8973.29808046846
9345.329,9316.10095338313
10075.732,10005.0867200742
9533.684,9528.21973735144
6819.138,6839.24838245788
9026.33,9018.11522952417
9878.896,9927.91410490828
6798.27,6829.12335805602
6998.425,7010.07071425837
9377.506,9327.67497378542
7169.621,7227.311659587
7338.914,7336.01060463701
7360.501,7306.37252948779
8612.469,8665.14652114081
6903.409,6869.927240647
7262.888,7299.39402260908
7832.486,7893.63782309286
9410.287,9479.75947301073
6908.703,6952.93513311782
9027.997,8998.98612015119
7237.867,7278.44229005863
9930.295,9949.47812643258
9390.398,9341.12074213466
9988.286,9961.34146937039
6795.069,6852.51778844715
7977.12,7950.04474253268
6964.25,6975.05470268035
6749.567,6796.29112262557
6804.218,6814.20559078821
9887.194,9921.45513527292
9035.331,9013.35676589992
6975.439,6994.24528262386
9338.125,9310.24071750631
7058.934,7022.91755620625
8705.691,8689.56212438509
9872.35,9921.86901050696
9946.265,9955.56388038876
9876.98,9930.51497626322
7924.911,7930.70628192125
9454.794,9499.01501933565
8929.988,8979.31623895816
9332.177,9315.63357320471
9097.284,9038.87374750819
9876.097,9917.36592233448
7174.315,7216.84260368735
9300.635,9305.90760218616
6797.028,6836.58041296927
9935.183,9952.31530394426
9563.318,9548.67605826303
8960.954,9010.17626708557
6763.881,6823.1306967105
7076.155,7039.89071431616
7052.173,7017.74969429646
9584.636,9548.67586451241
7967.211,7975.89862525309
9409.788,9339.67297282823
9288.187,9296.22665827987
9566.79,9545.37537495436
9327.658,9313.32451243623
7352.147,7327.17076004457
7247.256,7267.00984154195
8653.907,8682.70234023167
7870.143,7909.76308046053
7099.342,7036.36763563456
9047.198,9018.04807536744
8931.82,8977.81251996991
6814.275,6841.3908058126
7053.098,7012.68602007372
6893.027,6950.5155993009
8811.262,8751.31748972708
10006.892,9980.30647426225
9530.353,9534.21770041543
7311.108,7297.72435561445
6798.433,6812.49695026421
6828.876,6823.18478039658
9426.496,9493.23438515516
9011.67,9002.01832163056
6964.417,6926.51803393504
6690.002,6763.90626490931
7844.113,7902.70076471531
6933.075,6953.6646351412
6983.106,6935.38237686778
7150.531,7075.75284529815
8732.811,8705.9977664639
7948.611,7956.08515775695
9483.624,9520.14093439235
7879.422,7906.84016835219
9528.105,9529.00214289205
8922.559,8978.11560800237
7857.054,7900.55083010352
7253.297,7253.61273087408
7898.333,7927.4383829261
9088.762,9042.02180139643
8683.547,8692.30664867165
7024.668,7011.23700452215
9392.814,9341.01602678323
9911.133,9940.30278387768
6808.108,6819.58081289012
6758.843,6814.08022972022
8677.339,8675.55463537624
8738.877,8718.61160829547
8662.87,8680.299630386
9886.845,9932.80984399739
7069.851,7045.45772006884
9939.846,9944.78008722351
8967.953,8992.11553284723
6750.491,6813.24595051945
8694.695,8708.44500818394
7199.064,7244.95219850182
7217.275,7222.60631501012
9981.862,9974.09056683469
8660.689,8678.52254022418
8936.037,8978.67709682776
6758.449,6810.82355574011
8960.502,8987.32138711491
7013.747,6999.62249386399
9013.706,9005.47473075807
9320.219,9306.54641959692
6973.929,6989.79979475766
7958.637,7940.18853985383
8651.759,8682.67101055192
7176.824,7216.5880947103
9952.965,9940.50305604761
6870.179,6851.79168917818
9505.374,9515.9273524731
7026.03,6999.91927099471
9143.818,9073.85563033005
9415.007,9346.02891112046
8124.55,8051.2168984652
7967.163,7943.31236112446
6879.302,6888.55130633148
10028.793,9982.24168636147
9983.722,9954.36253303661
9473.287,9505.0080147526
7050.014,7039.11523584011
8715.595,8696.83621493738
7899.305,7951.88535280477
6975.353,7004.78347097518
6691.002,6751.95387047616
9262.769,9283.22302716447
7227.349,7246.48209058494
9925.388,9942.94450109467
8753.769,8724.61205794171
8967.705,9000.62377597177
6893.103,6856.15420898349
6868.926,6868.36216054738
7193.182,7240.91551499112
9912.142,9934.2931432442
6988.746,6938.28117436448
9034.344,9009.24758535081
6836.137,6837.04123615509
7186.257,7231.69602915088
7082.633,7053.85012829328
7225.759,7252.88421131703
7258.479,7262.2884355588
9309.977,9305.50281451665
9484.296,9506.62386121127
9293.101,9300.52800050495
9385.238,9339.18512774677
7182.978,7214.25297058689
6807.652,6825.25576677369
8902.23,8959.75542469719
8016.772,7973.51257831226
7036.947,7010.45676263493
9470.182,9494.80453187429
8043.526,8007.38062888469
7348.255,7299.48189841689
9245.443,9283.22206806174
9264.413,9288.31778918836
8663.808,8678.5237497679
9261.007,9287.57210447842
9112.689,9054.92117206681
6875.473,6880.79009578882
8940.285,8975.09907690101
9463.939,9508.8323660632
9523.163,9533.92410198685
7985.47,7975.76298253743
9263.229,9273.62121490261
6930.441,6894.98445212859
9388.161,9340.67183135485
9322.494,9309.73040626852
9309.41,9306.31551542113
8693.691,8698.86408604996
6846.715,6907.96531000182
9233.874,9271.4621940612
9886.95,9921.0656783861
9236.582,9277.31337002964
9555.863,9544.5481129915
9904.978,9932.67498918374
7087.773,7051.5501144219
9007.801,9013.28156873094
7939.052,7972.48269899029
7014.408,6998.30120299378
8048.94,8021.49365674488
6986.023,6936.4201370607
8605.817,8659.48273051881
9481.391,9510.86683391538
9238.135,9278.59657699687
6948.168,6974.17724419012
7930.99,7937.95523422875
9013.245,9015.31505635721
9552.46,9536.10146708738
8701.227,8697.16756505407
9925.394,9939.41364959711
9955.779,9954.1973387676
7112.925,7063.66671956805
9569.226,9547.12057000951
6803.77,6842.5825327698
7867.927,7916.54774053165
9308.405,9305.48649655667
8581.266,8641.87770384352
7110.93,7058.18922594173
9070.778,9035.74526059384
6856.954,6846.09715457283
9403.215,9473.08177783253
8754.643,8721.61356367344
9937.766,9946.56569349493
7169.657,7223.55897790401
8583.153,8652.6048424577
8942.328,8974.21932655756
9482.304,9513.11149605865
7034.164,7022.31847153587
9049.927,9014.52133419929
9578.087,9549.51149836653
9971.54,9962.28833404615
9399.785,9342.46900645641
7313.35,7289.97700680006
9078.302,9039.61900606286
9923.996,9939.63591210261
9588.536,9551.33911746853
8662.287,8689.53641691778
8949.161,8972.39552456313
7373.022,7321.17863310624
8637.505,8670.27129943382
9936.751,9951.46145239725
9900.168,9925.87529130828
9042.473,9030.52571641356
9450.367,9490.338979611
8975.406,8989.52425871035
6932.715,6954.21797222661
9573.131,9543.01427646135
9544.178,9529.26794743352
9233.196,9269.99147326041
6744.885,6794.58840512256
7259.772,7273.20640605023
8013.319,7981.73604450104
9456.555,9502.10784227825
9125.547,9065.11473982728
7240.765,7281.00079370686
9125.681,9070.09498796959
6874.491,6848.26888983138
9970.112,9962.62355056426
7979.243,7980.41140711756
8962.525,8983.49092145444
7010.207,7003.49089732286
8610.539,8664.28705441764
9331.67,9317.91239499892
8684.521,8699.03617700447
9597.756,9558.60984135478
8634.322,8668.41337831538
7983.107,7984.54776638122
9082.141,9034.45820556009
7168.407,7235.74484161224
9866.308,9918.13802554325
7116.765,7068.15342221019
7017.085,7008.20552354425
7044.867,7035.18205042722
9331.366,9317.76225324932
9413.976,9347.80767572146
7891.732,7939.80751292848
8595.524,8654.79832469631
9436.832,9492.28303982606
9092.853,9043.76748507026
8629.479,8654.96327492241
9460.914,9497.18530617078
6921.623,6956.39066821982
9917.385,9936.87790771378
9078.498,9032.64458498858
6888.229,6862.17189666638
7929.405,7966.88534772491
8746.884,8721.37469833456
9962.045,9953.40425448942
6980.332,6989.03679656354
10052.988,9997.51748985802
7251.72,7283.35675846456
9031.763,9026.08911254344
9903.453,9935.47734886705
6877.766,6883.25066892717
6879.543,6951.28856514844
9237.536,9280.10818645165
7928.847,7974.64589623022
9402.978,9346.63519367948
8641.289,8663.25937938157
9913.78,9932.70794594876
7016.98,7026.26810270823
7246.166,7273.63475767087
9029.362,9013.94325591585
6939.976,6972.99066547394
7239.864,7289.31288104534
7954.777,7982.42253326331
9495.429,9521.28496494824
9228.588,9274.95958323156
9411.831,9478.55368342835
9034.48,9004.89907917808
7318.331,7290.80102150794
7910.335,7939.2833784827
9400.889,9336.2492287206
7907.473,7917.767868566
7265.033,7293.42912350606
9025.177,9009.48191816079
9293.054,9295.556551597
9937.019,9932.69684707191
7134.743,7189.96754153506
8688.402,8685.19095267886
8062.241,8008.34845988349
9499.876,9513.81938022859
9927.442,9947.91371114903
8575.672,8640.12412538727
9565.702,9543.45203355627
7959.736,7975.75569088993
6797.253,6826.42052517144
7050.213,7031.73983322379
6942.043,6916.36884784066
9921.361,9949.50757528559
9583.65,9557.63622363637
6807.385,6815.33619672919
9230.637,9273.00123005331
7023.103,7030.91029504497
7065.936,7030.31107122111
7277.425,7288.84638502507
7054.783,7031.6438435553
7253.671,7283.39737134513
9881.141,9914.0910936037
6828.047,6844.65042283714
8587.398,8641.31241897223
9258.91,9282.86957037779
9113.283,9062.92084388553
8084.043,8021.02309684434
9052.153,9022.2698286372
8600.622,8654.66184379546
8067.823,8032.00259640466
9344.404,9311.08579945191
8955.237,8993.95543941881
9419.126,9497.76047947837
7900.204,7946.76706276828
7992.492,7972.60488132696
9282.556,9296.86602048237
9004.135,9013.93296956454
8999.969,9013.9166822867
9275.432,9295.73775576794
6939.16,6968.56773471964
6905.118,6905.5325900524
6994.174,7008.11357964951
7989.457,7964.98522300386
8976.534,8995.40215295529
9248.15,9280.97623990794
10010.084,9981.47120278485
6927.921,6900.65687601518
8668.481,8684.12400373335
7328.648,7325.16708377524
9433.973,9489.48495173917
7276.035,7278.26034195571
9032.835,9020.97765376825
7267.878,7280.65273271186
9498.619,9514.68908068458
9384.617,9336.50024251843
6990.031,7023.94260916968
10022.415,9980.11067062748
7933.509,7961.20154438984
7272.444,7269.45842527646
9520.94,9530.43721671541
6884.462,6939.3774328524
6994.286,7010.23651242773
8654.91,8682.36924229055
9536.527,9534.07028662833
9488.267,9519.0471240673
9977.502,9969.51915605997
7911.321,7942.17521779008
9447.742,9493.49793284589
8987.206,9002.58702748672
9014.789,9008.53679698847
6851.244,6853.24644854776
6982.7,6990.29445531481
7035.576,7031.42427461914
9012.531,9014.99827327435
10036.45,9984.74645354047
9259.991,9281.11146017102
9345.329,9317.27021240727
8663.22,8670.30227009025
9313.188,9302.97931459528
9970.296,9967.38419274645
9884.782,9927.33943858599
6884.106,6875.7500499156
6831.506,6911.4728173813
9605.756,9565.10659053994
6967.188,6913.5138838419
9469.497,9496.79055501862
7385.251,7355.03703294509
8570.091,8634.59143866659
10000.084,9960.23304179153
6923.377,6899.84232406829
9942.615,9935.38246821193
8930.11,8968.23876346067
9344.393,9325.4175573038
9321.909,9308.79274439455
6994.335,7003.27402918545
6987.904,7006.64550159891
7218.899,7226.72411079255
8945.201,8974.81759857117
8631.779,8668.52204037143
7436.854,7370.54378110734
8091.024,8037.18079809064
9402.795,9470.48862746408
7007.508,7014.61784968083
7374.584,7345.52739323746
10000.156,9964.53284935592
7953.743,7970.17878928097
8972.312,8999.88363825981
8721.439,8700.06437721973
7240.571,7257.89461395106
7122.851,7062.6975359384
9933.07,9949.34549269202
8992.935,9005.64611373095
9544.109,9535.7348482907
10042.703,9996.3363721463
6888.393,6860.26286450061
8656.325,8686.68215887286
6901.444,6907.88909446544
7314.289,7326.75801638409
9428.549,9355.08841383395
8694.984,8689.19461469171
7146.222,7079.67008570904
7074.365,7048.5030118414
7213.92,7268.33073303898
9389.016,9344.25039974236
9538.51,9530.0210725704
9986.301,9967.43887694226
8682.895,8680.41661907734
8658.017,8677.65120866974
7025.477,7008.27191651091
9536.271,9536.19653633355
7914.159,7936.12186222495
7217.681,7244.01658870678
9009.024,8991.34841287842
7231.591,7253.3958198353
9048.885,9022.98414484234
9927.959,9937.59259135084
7325.491,7311.67500435096
9943.323,9950.71983701428
6875.59,6928.81102948421
6918.941,6882.7133233211
9607.199,9566.49160295747
8979.348,8991.10236511117
9996.01,9966.25063206713
9018.028,8996.9734975651
9454.347,9498.6577368368
10012.939,9971.7888622892
9276.176,9293.43589920453
8916.241,8961.84172619272
9492.133,9516.67605055222
6912.276,6928.02997806218
9419.882,9488.4435629375
7072.237,7042.2249822827
7056.103,7032.88422021046
8048.789,8009.61052558406
9431.449,9491.67433982192
8085.03,8022.27898016989
6910.944,6937.90993340633
7974.307,7969.23332397049
9389.962,9330.81161082078
9273.32,9287.67258582083
9892.111,9923.87668056816
9430.037,9482.22590478506
8626.467,8668.96286163643
8977.844,9007.22769291402
7276.976,7292.75594740815
9948.134,9962.37066673604
6875.81,6930.45149339794
9348.586,9327.885641937
9420.213,9354.82608281234
9306.366,9296.85355674043
6975.83,6928.54878332527
7095.352,7056.89887071955
8770.123,8731.57679025241
9450.822,9497.6289977571
9971.772,9965.65092579999
6927.394,6982.57178019357
7329.81,7316.95736986522
6854.098,6875.72763214762
9404.453,9349.16266440599
9348.519,9329.21778724572
9961.164,9958.2212945189
8619.74,8668.33017942433
7270.571,7304.58243466421
9951.95,9960.64046809709
7954.566,7969.58615145075
9458.853,9500.80924426037
9099.699,9032.96697642691
9037.03,9009.24892100307
7353.263,7321.7298355122
7938.704,7979.52177816294
9020.21,9005.99312399406
9262.452,9279.05499616729
7975.344,7976.35237769957
7925.618,7927.41654609738
9039.298,9012.70572504509
7074.243,7043.75453209222
7966.504,7953.51030306271
7982.052,7954.93794500027
7225.224,7251.35707400529
8935.428,8971.59530764485
6895.02,6971.30107343546
7217.812,7227.06403468916
6819.264,6843.25315500088
8785.379,8737.05317091671
8702.751,8697.22919689138
10028.465,9989.52989697385
8047.914,8019.05710658646
8627.411,8669.90048923819
8748.138,8705.28325267391
9902.8,9923.8181097237
9522.297,9526.74479094517
9564.32,9543.09839095372
7173.935,7205.68096791694
9052.438,9022.42161959087
6914.283,6956.9959588945
7068.061,7049.41182074267
7872.256,7907.64128617691
7171.706,7210.98990643357
9535.31,9539.31635079223
6857.219,6857.59578721856
6934.83,6977.55339307566
7241.603,7266.64295838555
8706.096,8696.05805574674
6961.101,6905.47425079323
7189.867,7249.60038423598
8627.339,8657.13323847232
7092.559,7054.48957680646
7058.484,7024.18495423599
8070.08,8021.3096798804
8658.448,8683.59592735489
9575.253,9547.192075467
7341.261,7303.58745112383
6976.228,6936.79635679752
7157.201,7216.24260760952
9952.428,9954.21496744151
7246.045,7262.27895835916
9241.512,9290.21933425302
8742.251,8710.05277286918
8929.918,8975.14114349245
9087.609,9039.07892467717
8707.209,8692.5733252804
7965.728,7990.50235139529
9298.612,9292.20310669546
6879.818,6862.90886221553
9976.097,9963.22282100622
9944.322,9949.85618912524
7026.696,6996.46504878575
7354.929,7305.92999427344
8967.414,8985.64958779434
7892.421,7943.76620122729
9370.161,9334.92214288383
7224.732,7230.83061638895
7903.248,7929.10621972639
7915.632,7928.85997960287
8975.609,8991.28399738532
9577.01,9551.6519371006
9449.443,9500.69829893669
9953.016,9948.9632873354
7913.223,7940.15748365283
9022.498,9016.90994321772
8632.373,8653.6419457029
8913.142,8956.73107119901
9122.919,9073.23383834205
7378.288,7349.53428836769
7258.737,7281.66370812079
8983.039,8984.80712713438
9042.093,9022.89453109743
6746.991,6802.79643052692
8020.427,8009.07582449128
10041.54,9985.98119602192
9572.736,9548.49866390919
6871.681,6879.55913066144
9456.067,9497.71474486068
9014.253,9004.90912529263
8997.553,8999.36790640533
8914.806,8966.5017566292
7046.922,7013.18911126154
8958.999,8986.5656107793
9983.811,9972.60564853459
6821.632,6853.1576921291
7260.216,7252.35094211512
8988.916,9002.66618247423
8581.064,8631.90254050682
8886.053,8942.87624406602
6967.556,6935.45567028996
9448.425,9504.61818557895
9275.512,9297.76754033785
9993.556,9959.74909183461
7289.221,7304.07795836854
7000.796,7000.40728343191
7285.397,7279.77306297767
9495.58,9515.21217399385
9529.212,9532.39659950313
9933.967,9940.54850156195
8645.479,8678.99035592555
6768.45,6812.66651976253
7951.503,7938.09610319504
9107.036,9049.2820830849
6894.43,6874.22411055719
9380.556,9338.2155264674
7241.12,7277.48220298352
7219.973,7245.17042879041
7966.287,7937.82988149829
9260.983,9284.90843851414
9564.549,9539.31474550533
7413.71,7358.71748990159
7096.663,7042.71794768526
9020.463,9009.58226317455
7896.35,7910.03253250284
9004.002,9014.22467372816
8061.729,8018.53774435208
8784.962,8732.31450833062
9912.782,9935.682833257
8930.455,8971.93611088176
9140.79,9070.93098855155
9098.36,9054.33757516715
9461.582,9496.28490284692
7857.924,7912.41342595555
9380.415,9323.4319628613
6805.311,6825.69715520952
7348.66,7307.28055098495
8645.484,8679.40153260673
7875.415,7916.00384306485
7029.99,7011.18242133652
9466.961,9504.39637239596
7177.253,7211.3809982061
9915.047,9937.6149687073
9446.711,9499.15432309288
9428.183,9481.24570378144
8705.669,8700.45747248398
6963.997,6921.23762818971
7925.969,7936.86360043858
9482.004,9508.84315358178
9457.562,9500.74908443045
6846.741,6871.22000259488
6855.068,6868.40593765085
6844.237,6836.61221079384
7284.44,7304.83996867644
8595.444,8647.2858897812
9496.241,9523.33452934007
9539.331,9530.29401791672
7371.43,7327.63764486103
9024.95,9024.50733632692
6958.308,6983.84311884362
7393.522,7344.66038665393
10040.906,9988.18081884419
7953.483,7982.25345197498
6961.43,6991.93589780894
9268.564,9290.0389909055
6849.083,6866.99123167777
7342.945,7301.51977080977
9370.417,9335.14351988362
9903.043,9941.93533766288
8771.779,8722.29068708423
6811.624,6840.54981550972
8948.41,8981.99208783349
9070.793,9032.35201348656
9576.357,9548.28908322167
9864.904,9915.08695651441
8741.212,8713.6253317171
7345.011,7323.96043503456
7908.174,7957.98370011384
9932.141,9936.92067168162
9114.013,9051.30461401743
9087.335,9031.66239199704
7945.478,7975.18559534923
7011.604,7006.15818433739
7913.61,7952.42636963372
9585.458,9554.61539582132
8694.635,8686.51050514647
8591.622,8646.16767992917
7969.122,7976.56329884581
7311.743,7324.81688219268
9263.141,9292.39955790449
9971.593,9947.01928176425
9070.083,9032.5299922164
9362.164,9320.68601197356
9392.91,9334.4338731697
7351.998,7314.13138438061
9287.717,9292.50608587799
9961.496,9958.37664585623
8731.626,8714.95906365158
7070.938,7046.44493942306
9275.944,9293.96790811989
7021.156,7022.07423301202
8742.694,8714.86920219571
6834.45,6852.14780803825
7059.952,7027.29140472954
9897.359,9927.50598142039
6901.251,6886.1308926484
6963.215,6959.05227297531
7878.33,7918.15620196624
7158.181,7209.0573695183
9396.21,9468.1303429616
7115.904,7054.47531653024
9431.819,9495.29305490953
8997.325,8994.10474558024
6941.135,6965.65934895786
8752.153,8712.70327351835
7207.68,7236.75798880743
8695.551,8691.45261056645
9247.757,9278.15472287138
9444.571,9498.93239198127
6873.577,6957.47888466272
7151.59,7081.87534118606
6838.197,6828.81844224442
10055.62,9996.83829065585
8713.476,8692.64657056563
9417.022,9354.84199888866
9314.466,9312.5418045023
9552.836,9538.35619849183
7915.443,7927.12145698243
9011.372,9016.5948313409
7041.793,7012.18140352836
7260.877,7267.02497917985
9044.095,9026.03088955322
7894.229,7943.68127181589
8969.372,8995.70654289482
7990.892,7980.99617672331
6816.386,6852.56788561972
6889.774,6868.19182918455
8081.678,8034.44308974579
7302.939,7266.61757083418
10024.251,9981.32011835471
8764.342,8735.45402600634
8695.523,8697.07155893813
6908.346,6948.6681944853
9526.328,9537.52000521818
9421.458,9484.36699998201
6934.719,6976.36013985414
9904.013,9936.49217311171
7979.907,7954.86320573299
9891.539,9933.74256261021
8746.077,8717.68456775203
6854.462,6877.13194830741
8756.338,8725.44107227587
9100.177,9044.90667919145
6901.402,6868.56987739328
8638.278,8658.63335621932
9845.419,9904.66386379976
7030.938,7016.15762659257
8718.204,8704.69029205726
9526.696,9524.5065944883
9474.996,9510.93476782594
9882.873,9932.60804262483
10001.442,9963.41785487119
7371.077,7340.7349892014
7384.482,7335.6854473705
8034.494,7993.85749704552
9978.462,9948.77745412654
8671.152,8684.09356726272
7078.09,7059.0559019044
7015.272,6953.91914561013
7173.775,7230.95406782561
9428.416,9482.95637582877
6862.012,6854.70498027437
9579.797,9541.94889078865
7041.84,7030.63711033292
9438.39,9500.23122666821
9577.69,9551.55862225566
6821.711,6839.36470788272
8628.497,8661.99252608985
9872.468,9910.41821229932
9281.979,9297.97111940928
8670.091,8693.44377360214
8056.368,7999.60999672377
9339.185,9315.21656326618
8748.415,8710.32469564713
7246.639,7283.45779540103
7050.204,7036.94051115053
8595.062,8651.81009018471
9939.476,9951.33335962257
6896.224,6874.42722959144
8930.108,8960.59964478965
8637.99,8671.36146522151
9927.707,9931.41922851777
7213.613,7224.05588066717
8611.309,8658.8791234348
8706.338,8695.31908183265
6947.196,6987.2511162897
8976.059,8979.25519388044
6775.828,6804.00903781126
8704.987,8704.23067527486
6952.627,6905.87417572271
8787.545,8733.50853977122
9457.863,9505.30340908037
9861.937,9913.2958633985
7918.844,7920.64170933637
6870.624,6861.74833703279
9071.354,9032.37482785582
7133.485,7069.80178058789
10036.349,9974.77064949659
9064.381,9023.86039014122
9930.195,9953.86220924184
9977.881,9962.47293248663
9549.949,9538.73576564769
7912.639,7931.47045955304
7922.82,7931.26446189685
6782.427,6808.91037295092
6986.084,6930.3007764597
9888.537,9917.82471546081
8695.349,8695.5287050447
7321.024,7298.11967325494
9268.002,9298.55149719707
7055.505,7018.93584573691
8757.973,8732.23889240712
9961.942,9968.86074508526
7335.886,7314.82638824713
6988.467,6940.98665160108
7330.111,7321.64110921874
9546.43,9534.47607718394
7016.501,7016.83984000308
9390.63,9342.69853985493
6990.986,7009.85169097036
7147.522,7204.27210784584
6982.126,7001.1775506486
9533.818,9529.33800681423
8660.509,8666.22100039255
9000.785,9014.95959960924
9302.203,9300.45343754056
7016.808,6984.43520936309
9614.935,9565.16960934055
7399.968,7337.61295024579
6994.84,6935.04508140656
7264.643,7268.22008857737
7226.022,7254.2199010674
6839.334,6849.49616272409
8062.657,8018.32897589567
9543.163,9532.74753146945
7986.897,7956.82112096943
9915.933,9942.01585371639
6866.93,6866.36937103919
7854.111,7902.33804441857
9425.486,9362.92182258818
9907.24,9919.71071098634
10036.606,9993.55571970922
9032.979,9018.25004270096
8046.568,7995.66206348016
8763.623,8722.42215631838
9056.34,9018.01554911552
9092.051,9050.36312137639
6854.341,6864.42499636824
9994.596,9966.27325377962
10045.055,9988.29305392756
8015.053,7965.77015123989
8665.766,8678.56532951181
7294.394,7297.94842320957
6796.688,6822.54112721637
9828.927,9889.07882155258
8703.171,8692.08901857031
8966.958,8995.74647222738
8583.973,8649.06821908903
7118.96,7071.40845905907
7968.561,7953.76222341533
6789.628,6815.93067355594
8784.708,8738.38344646719
8665.845,8674.28173992057
9026.671,9009.66462542357
9342.643,9319.61760775412
7197.041,7237.45237621906
9930.088,9952.32283743752
8050.888,8007.4083958147
7200.223,7234.69460798659
9994.971,9985.14913819786
6871.352,6869.02609691915
6775.652,6814.75161739784
9565.624,9544.70604376554
6791.38,6821.48265837603
8666.875,8684.14641238938
7233.798,7255.48285462486
9031.449,9020.44680857369
7298.865,7279.48090316982
7240.627,7274.04457924778
7849.958,7905.90523736546
9230.704,9268.95058300529
9299.236,9305.40066488728
9553.979,9539.77420133336
7366.747,7331.61106141745
9488.015,9515.61959686191
6788.916,6824.24086964173
8034.671,7995.41408016348
7283.29,7308.52990015729
7152.443,7208.18507619909
9543.817,9532.0966852718
8696.155,8688.63051125672
6981.816,6991.23471916929
7304.531,7297.16681310575
9468.039,9500.4566670267
9892.085,9938.00252776636
6917.241,6884.0384917659
6996.238,7009.11475312029
7003.73,7013.35175085276
9492.364,9522.08344155181
7339.968,7302.53981084544
9564.186,9543.6186908584
8719.066,8696.52138348478
9103.769,9048.90101248871
9548.465,9545.89866655503
9500.37,9512.55741701419
7270.766,7252.00166260687
7080.245,7053.97597842033
9129.944,9061.99184542124
8026.493,7997.84410036073
7134.227,7188.14306511055
8662.682,8672.39258769453
6818.464,6812.64246380043
7248.065,7267.37230501309
9349.476,9326.63023258591
9435.388,9497.97774901061
6947.555,6895.13088181357
8007.502,7984.893503595
8941.141,8970.99212151167
8733.318,8703.71010701453
8104.775,8039.88726890685
7904.796,7942.34849748726
9336.871,9308.65446710391
8742.538,8713.99127745364
7338.691,7320.10521326689
7948.303,7955.47885336591
9238.62,9276.27671376972
7242.764,7284.80202077189
9222.417,9272.50305209319
7363.071,7338.91057016383
10032.074,9985.99546416693
8975.663,8995.18104174432
6733.878,6780.55109012281
9491.232,9519.85436114493
8051.137,8024.88355209221
7271.096,7289.08373276182
9069.187,9027.07750101948
9920.54,9942.61999696523
7346.56,7316.71949146635
8641.717,8671.22332123313
7226.645,7277.94356014751
9284.91,9291.1646247101
8741.648,8703.99355693757
8695.821,8699.07059849391
9065.613,9037.52565251513
7970.481,7991.26077406312
8976.184,8989.05388358461
9248.003,9274.09112851609
8571.868,8631.34369224664
6936.76,6919.94428983619
8735.711,8712.2043069075
10000.771,9961.5157643756
7058.507,7044.07792436042
9432.529,9362.62579227848
6983.996,7010.73801499555
9325.272,9308.38777801104
9439.455,9498.21727729712
9482.149,9508.79579470681
7917.802,7918.50970217148
6862.363,6875.24799328292
9131.557,9068.04849640193
9946.356,9954.60194141835
9345.198,9311.64671401998
9940.009,9958.81048767791
6804.713,6846.2596506657
7968.892,7955.2963975597
9452.836,9498.72618376586
6894.372,6887.02658365199
6847.715,6848.72776750434
9264.724,9287.99265431288
9946.433,9941.05804162919
8024.664,7975.88821919494
6936.357,6919.88422036724
9539.348,9529.76071326181
8572.857,8641.13086357663
9504.257,9531.54641537417
6906.273,6908.98269314888
9886.373,9937.20541426411
9367.933,9330.86779721944
9883.582,9918.62253088251
7052.899,7047.4600781731
10010.523,9965.8144064994
9306.222,9307.19976526648
6930.727,6973.90193617099
9979.745,9959.5072292639
8571.557,8637.80106630057
7985.116,7982.69265197901
8989.067,9006.08785083971
7334.384,7312.27093780436
6963.384,6927.90796087678
9902.109,9927.57728185789
8734.3,8720.21460517014
6849.86,6875.00820736466
8656.192,8678.65993085911
9877.945,9920.96779539002
7861.193,7905.11442980909
8665.997,8665.29143441229
9402.329,9337.11177400878
10016.342,9982.2287552223
8655.403,8679.9508098261
9418.073,9349.68935038243
10033.67,9989.60460004447
7194.46,7240.44359998142
9431.026,9493.88792916757
7839.879,7897.34782561132
7963.782,7953.84423474673
9063.34,9022.65921008177
8076.525,8040.49178953295
9278.453,9289.4240677425
7115.595,7058.45559260386
6970.574,6935.50744630657
8747.3,8713.19938169861
9928.688,9937.87359416404
9414.281,9351.06498192923
7286.279,7313.11761644043
9531.584,9532.73470549767
9607.558,9565.40279992882
9101.298,9041.28071818593
9308.51,9314.43307897903
7330.273,7311.54795665707
10026.556,9979.30906440829
8628.076,8661.00268437232
9927.081,9934.1707832437
10033.934,9988.02816677694
10025.337,10001.5526877288
6981.886,6996.1702523011
9504.287,9524.99353378549
8775.481,8731.19039139615
9404.24,9341.00174520035
7264.953,7298.64286844531
7003.156,7005.2139002801
9407.08,9347.26915632694
6914.319,6954.31897881595
9417.491,9489.77738116747
8732.935,8700.8928063574
7362.596,7323.3159292558
9289.893,9298.01056678441
8072.727,8020.71925634809
9573.33,9546.95041964656
6959.612,6960.25043813348
6895.13,6898.16031446248
6943.718,6985.97214880059
6838.662,6844.56204774554
6903.283,6874.45118781161
6765.043,6819.77795231605
8610.965,8660.39409768654
9909.424,9939.76762261227
10042.641,9991.9966178088
9544.437,9528.77111392292
6754.183,6813.79832120116
7200.881,7233.27538090741
9330.37,9315.60341747753
9002.011,9010.52778410643
6793.973,6825.22047994284
9530.118,9536.26094297637
9393.196,9346.07361516615
8725.975,8714.03125362
7927.726,7970.82140409143
9385.657,9339.40809195086
7903.022,7941.86265640181
7860.066,7914.59232607159
7312.914,7280.94259209458
8711.87,8709.39361581921
9443.592,9500.65887335775
9073.11,9034.20173745316
7279.654,7268.78618690666
7319.696,7330.36991060682
7068.169,7036.53137582514
7354.966,7302.8369285671
10051.989,10002.1848890851
7984.829,7956.28312581567
8901.017,8953.3312220852
9445.821,9497.37916046421
9932.881,9954.07355738432
8591.122,8639.99129896258
8750.551,8708.2321515016
7210.748,7244.87597716282
9364.148,9332.91424229694
8928.617,8968.2741638648
8923.045,8961.64650174673
8751.452,8717.90739121561
7421.311,7365.12230425336
7970.458,7952.98156134653
10055.645,9998.18879410412
7302.274,7308.41044377474
7383.23,7348.12056616825
9137.898,9069.67035229292
8661.128,8670.89148986136
9949.837,9955.80319940111
9125.737,9063.31228474069
8968.186,8998.47625569507
8948.415,8991.43680455942
8703.802,8702.37197410104
7927.028,7925.14338592252
10085.928,10017.6442206058
9977.307,9953.09880934782
8728.153,8701.51195354012
8088.75,8032.76133035556
6831.473,6857.12983304525
9416.422,9473.46745637704
6987.177,6992.00753088578
9529.036,9535.56349041134
7880.538,7912.46247092315
9605.953,9562.76401695431
6795.745,6826.16344655867
8940.134,8969.46874373795
9569.837,9546.90232209168
8782.29,8732.88327830737
9593.465,9559.72589096285
9241.092,9270.02798312242
7334.616,7303.43550804856
7232.487,7265.84941602237
9543.24,9534.63126376613
8728.24,8700.62866987665
6914.864,6970.90743444495
9333.479,9315.01833854087
9597.51,9559.28146228839
6833.973,6873.08102372212
7919.973,7932.53604881568
8000.153,8000.93744473144
6913.554,6881.57100826681
7360.285,7330.16218411132
8079.356,8027.03879184677
6881.359,6871.5978038247
9861.608,9908.78212944082
8610.299,8658.1343879348
7269.609,7284.19647260046
9407.423,9349.01120591125
6910.263,6957.05609687629
9594.804,9545.97148179102
8052.461,8014.39765665817
8000.181,7966.98888445789
6886.077,6877.6396387306
7392.494,7355.84232011459
9881.501,9922.22108489052
7251.245,7261.88380403664
6837.356,6847.99592383748
6782.808,6835.34177663634
8675.507,8679.94816216269
8796.033,8741.60751524135
8782.51,8730.8783054561
9925.46,9945.06913508151
10057.725,9999.3173698882
9426.671,9481.92115195566
7231.62,7269.41387186809
9584.903,9551.6601351049
7244.371,7249.23312416494
7936.826,7951.09593346897
8598.548,8641.85920769481
7397.659,7338.72114659297
9057.267,9027.74601463155
7331.826,7314.22388045657
7999.829,7996.59155572206
7333.186,7321.04672379248
10028.193,9982.71737098215
7030.25,7037.15195397537
6879.019,6953.71762928167
8650.508,8666.85708911617
6767.177,6802.59266297172
9242.205,9274.20894772836
6800.35,6830.9315122627
7287.339,7300.19174059661
8622.803,8659.62318269089
6973.335,6902.95981411607
6795.779,6830.47775777002
6883.257,6866.98963818804
7989.102,7972.68583673949
9964.105,9949.03469451892
7915.899,7950.36172767848
7171.175,7221.80019266806
6885.207,6871.40003095017
8618.853,8655.94039010878
8018.285,7988.58751150459
6934.161,6906.25429602242
9389.019,9347.70858910712
9454.055,9493.35670438176
9555.838,9538.28636283751
8767.374,8728.05711125228
7981.018,7972.3370159881
8088.927,8028.59755995249
8688.139,8695.48140960603
9943.719,9959.99387723965
10080.554,10014.132587194
9002.311,8994.79918592993
8742.501,8704.33760139912
9452.841,9501.58908560857
7905.433,7914.53420509913
9858.804,9912.07167109413
9423.679,9490.27797466296
6911.033,6885.25682444298
9507.491,9522.23670929383
7280.833,7265.77180608898
10027.369,9987.56653525542
6799.162,6824.87676344217
7380.816,7338.2905647043
6903.722,6893.23066941044
6892.311,6883.02830132156
6863.528,6894.82091546237
9002.27,9006.35090931526
9095.658,9049.58111891593
9297.933,9305.05249427472
7122.61,7056.76375597344
7952.104,7963.36785073836
10016.617,9990.24110981892
6875.242,6857.8085019122
7201.397,7242.46757606469
9534.746,9535.36564771075
7268.166,7263.34813700823
6957.469,6983.7604156069
9956.911,9954.3235466629
8002.399,7981.71438730901
9312.033,9312.22554556682
9531.367,9529.573562763
9391.202,9337.49068362213
6945.927,6959.73444538348
6946.944,6960.54598845692
9082.097,9029.67054204613
6956.796,6967.49150596166
7250.327,7263.52806250897
7974.297,7951.59783627997
8650.144,8665.0096196947
7018.268,7024.31482011731
9584.251,9550.87149381597
9425.248,9354.86178449121
9350.83,9317.59076218902
9021.018,9016.86807299886
7991.688,7992.07354611122
9890.02,9924.8560182728
6910.254,6955.78078491467
8695.331,8698.05480426562
6942.371,6914.66183203349
10011.576,9976.99298540432
8967.994,8993.49641356427
8753.938,8713.87115828226
7349.367,7335.31765488781
10008.606,9974.90457422374
8736.36,8707.61036085422
7925.518,7939.46389499425
9485.466,9517.1604697812
7294.26,7294.36726946799
9501.986,9517.05890372346
9318.752,9315.18596401158
9249.485,9281.8384801551
10069.628,10001.7813885612
6732.18,6783.68122136831
9879.052,9916.57020498971
9998.645,9965.9000984203
8892.989,8951.48963595729
7006.067,7013.22040578998
7157.913,7200.47625276815
6874.915,6879.16188303692
8957.89,8997.45718602025
8785.719,8738.20015576063
8735.715,8709.67260967353
9339.768,9322.77672095708
6941.44,6899.71193846755
8670.13,8673.46292903966
9994.175,9982.77511339276
7189.042,7231.61622869242
9992.308,9970.58685242578
6974.54,6998.53931519717
8684.856,8696.22251005394
10046.44,9994.2995871012
9892.301,9921.9853416424
8687.766,8695.48848366105
6815.3,6842.52775200825
7360.969,7335.74996786323
7349.357,7324.91943076969
7908.671,7934.34953263397
8029.467,7996.0119855937
9340.111,9332.92380572169
6934.151,6916.97767906064
9612.185,9571.26460978289
6820.144,6840.39801751957
9913.208,9950.70191127828
9561.804,9547.94701151432
7900.596,7912.29151254039
9012,9005.17477870134
6796.63,6820.71701428087
9313.188,9307.55108469753
9571.509,9542.84459276931
6895.418,6944.11751455458
9961.819,9943.78617813759
7353.917,7319.06526537909
7076.035,7042.85983788879
7984.989,7979.51437917135
8677.653,8671.38283891292
8637.179,8672.31143908854
9611.16,9561.68903448672
6877.227,6888.21922892022
6819.651,6829.97743671054
8795.627,8742.64366053958
6851.008,6846.13978226354
8673.212,8678.27052264985
9053.101,9016.12008015452
6867.88,6928.3432942862
8688.264,8686.83038049899
9255.141,9279.66473138662
9887.971,9925.54725147226
9389.855,9336.06974751571
6779.921,6804.05056850469
8772.259,8735.86487568945
6981.904,6984.85942875038
9539.611,9535.81748228055
9610.698,9563.09394768511
7823.357,7889.59371002765
8686.707,8693.95599487574
6872.253,6876.2176779851
9054.416,9019.45379863749
7403.156,7349.23231111776
9926.963,9941.6623224037
8657.67,8683.67492505137
6888.873,6883.90816446653
7229.512,7264.24961073579
7327.12,7325.75475498745
7923.528,7929.29950203198
6899.983,6880.98150215553
9030.684,9028.31859086542
8938.372,8968.48639500238
8654.468,8669.64403668479
9939.427,9950.53774278491
10027.102,9975.01142834879
9324.657,9317.65480850654
9599.625,9563.54866482911
6986.29,6992.58330795003
6836.396,6911.05834218576
7353.577,7314.02715311068
7052.026,7039.60091831517
9943.593,9959.15832965012
7994.134,7983.33397285649
8650.44,8682.88903109711
7223.647,7229.2424141721
8595.192,8650.01407196064
9314.416,9309.16158206566
9929.2,9944.84495874744
8756.576,8718.4891908697
8031.759,7999.15758912073
7871.583,7905.65501224428
6810.395,6836.31416330347
9327.482,9323.16114121416
6802.383,6824.42044860984
6907.571,6879.99481194336
9520.519,9524.41176325213
8652.036,8671.14969495347
9320.978,9308.65357201089
7360.943,7337.56145070429
8955.606,8992.71891786866
7960.72,7989.52038000094
9337.701,9322.14517994
9861.683,9914.33603626575
9884.007,9927.56312582434
6784.507,6837.87557129651
6979.926,6935.7611656782
7925.193,7952.143624554
8780.456,8731.80583743168
9606.641,9569.25763962674
7035.206,7018.86226166264
9384.902,9339.68188243109
6916.169,6904.21322207389
6753.985,6808.67771020885
9271.088,9288.88655879433
8674.819,8686.65361423562
9245.255,9273.80758938086
7859.696,7909.72828627138
7039.329,7017.33176264764
6994.178,6992.95463702531
6868.91,6934.40049108371
8959.368,8989.32516859044
9973.824,9959.29333114915
7818.168,7886.8580150405
6858.112,6856.0853911406
9492.22,9507.57581792975
8686.518,8695.7026609147
9950.929,9952.69158186985
9460.281,9497.95539140285
9880.999,9916.02812147722
8702.108,8690.92737503857
7353.252,7330.05529450584
9571.918,9547.66378686251
6824.684,6836.29315040814
9306.884,9302.96994676005
9920.246,9932.99963885279
9869.656,9914.82439697878
9471.298,9512.82440292538
7322.863,7320.63550201495
6886.696,6869.21927757646
9419.902,9482.85875801403
8010.058,7967.52581507689
9451.977,9496.83616554352
10031.1,9983.87674949701
8014.95,8005.33997784177
9938.339,9948.89415000522
8643.431,8680.94816630687
8961.153,8980.44372383027
7837.456,7896.64975251443
8733.166,8706.7305522553
6712.007,6767.84591072279
7393.649,7337.84700767798
7207.867,7235.3030068673
7265.996,7264.21652096377
7932.767,7963.0814683607
7954.768,7946.6584968613
6940.905,6898.31321453165
7980.365,7986.57470529856
9878.597,9920.62094880193
8883.01,8941.6012127498
9987.77,9957.16389959156
9076.41,9041.70874837949
9984.216,9961.36838873772
8928.11,8966.72887167612
8046.053,7987.77442156437
9898.294,9928.81140437641
9077.342,9030.36052581307
7946.727,7934.27805794011
9425.143,9481.19554635862
9598.406,9562.61595756987
7910.306,7923.45728007136
9033.996,9021.20281727321
7306.548,7301.11664321625
7298.85,7302.00995781032
10066.104,10008.9738762743
9100.284,9048.08183723105
7230.905,7250.26055410217
9053.363,9017.87909919579
7294.062,7301.41736897828
9427.045,9357.32930839828
9484.305,9518.02660661215
9920.542,9940.66200076428
8774.59,8731.05340097972
8622.821,8665.52846367444
9415.49,9474.29651972665
9093.252,9045.5338481539
9049.14,9023.7923757714
9913.783,9934.08322306676
8679.574,8679.68393043229
9483.233,9512.22810840604
6894.188,6896.99261877652
6938.264,6929.65727055851
7307.889,7291.66438669301
6918.979,6895.85740576511
9838.597,9896.6322077962
8042.915,7995.04370598994
7897.746,7921.11393128359
8721.331,8697.81529273381
7961.387,7949.58037149241
6960.397,6992.22075266723
9960.217,9950.26757003038
9287.101,9296.34422343797
9253.625,9283.68345728281
9016.402,9021.10996204704
9071.012,9018.61974527479
7904.196,7949.0260807728
7264.029,7263.40280588542
6811.059,6829.14727800754
7025.232,7024.38166155154
9058.275,9029.52947887459
9482.54,9513.30233237107
7827.033,7883.80218283684
8700.729,8702.08493516544
7207.671,7237.1159902743
9329.276,9306.33050877221
7057.467,7034.54055159987
7218.662,7231.12695484316
6906.732,6899.10658330279
7833.403,7894.16291359524
7889.265,7924.26857139661
9379.093,9328.84094056672
8651.747,8669.26282195969
9366.003,9335.43463975624
9063.53,9039.57477112667
10014.878,9984.49788109975
8810.032,8745.45658077446
10009.41,9970.26573594987
9355.891,9316.84315807433
7295.356,7287.2298279043
7995.621,7973.72494652167
6874.674,6863.52837971952
9575.166,9545.97624693841
9887.593,9930.91709960195
6999.492,7008.48998004841
8698.848,8699.27199848386
8035.862,8011.60310857285
6941.611,6907.74774065574
10043.963,9992.91998111233
8681.43,8683.43962366278
6828.925,6841.56960971454
7067.165,7016.15266287009
9883.326,9926.72704627929
6922.514,6879.52739765893
6965.03,6924.65421069394
9570.446,9549.5106414033
8635.048,8669.18582766432
9298.678,9305.34919947756
8665.931,8680.17297817073
9479.993,9509.40784374595
8926.589,8971.02977566714
9573.331,9541.41611732164
7184.791,7226.19847948807
7981.443,7992.98017774632
9956.773,9959.52921230245
9022.822,9019.5369730516
6999.246,7004.13145624658
8694.882,8691.15833616652
7351.929,7296.2193511865
6991.138,6944.00062665547
9297.975,9309.65510725008
9032.764,9023.45511719892
9332.086,9319.05886141607
8669.541,8686.33841816193
6991.014,7003.15722905284
9937.966,9947.76250112409
9092.85,9037.98728906489
8584.763,8642.13495825666
10075.827,10011.3978140429
8992.797,8997.46266843441
8959.847,9008.7564148095
7313.971,7308.75864248493
6912.262,6873.58355030114
9873.809,9922.73814740836
9242.923,9282.23202213957
9527.863,9526.63116355732
7942.242,7928.72205019716
9904.316,9945.59277960034
9509.453,9518.715373809
8771.413,8729.06206251692
9899.353,9935.604728813
7379.793,7326.5174243767
9238.733,9275.65481070837
9456.271,9497.88747254189
9320.758,9310.9719442043
8931.443,8970.52792914131
8968.383,8988.59812670604
9359.517,9333.96507755474
9103.98,9048.68132613143
9454.515,9498.057807495
9860.806,9913.12060710317
7016.611,6958.88216299937
9961.638,9947.81813599464
9944.878,9945.40222509268
9478.249,9504.47169259065
9085.429,9036.35631503928
8736.652,8709.41872406269
6903.675,6880.06473242861
6885.486,6897.42642800022
9096.407,9038.40246437531
9951.907,9952.5461450972
7308.753,7317.49939182918
7176.888,7228.43312323216
9887.416,9921.55805807875
7006.836,7008.52951132309
7257.707,7282.80852881266
7300.22,7295.85109118822
7188.748,7238.67664379957
9272.29,9286.1430251094
9392.455,9348.56702495263
8931.79,8971.66078784273
7200.062,7215.73295653981
8118.034,8054.13109269033
9096.213,9040.25163799496
9323.289,9314.17199734826
8978.101,8986.24291845166
7297.643,7273.17271284233
7258.255,7275.35753034075
6871.795,6877.74351506966
9051.426,9028.78716416571
9603.218,9561.52278351268
7928.355,7931.66032332531
7900.889,7945.57841379764
9856.605,9915.3384979867
9035.421,9014.83068210347
6958.853,6967.05111289578
8916.204,8959.07486284162
9540.715,9532.9787613374
7310.841,7304.45081359458
6868.992,6844.57836827519
7320.507,7299.65780287283
9959.36,9951.05814775909
9953.49,9956.38954154279
7384.12,7352.26723024419
7886.2,7901.75536605139
9875.713,9928.97937287775
8703.011,8689.73357307906
7006.799,6993.88749831887
7921.399,7935.29702527199
9358.713,9327.78766577603
7982.614,7998.87955798222
8631.894,8661.90300069995
8628.113,8656.88603178542
9076.762,9035.89002574116
9317.069,9315.00827305645
9956.582,9963.36925599534
9416.425,9487.60915203242
8743.257,8716.67581452494
6959.177,6900.96050370401
8968.314,8982.34551098784
6939.82,6905.74287852018
6974.649,6981.5393499362
9286.506,9300.17190125228
8622.817,8655.9888510519
8071.96,8025.08325210817
7929.372,7959.75349479109
9453.16,9498.18370636044
6789.231,6832.61269720701
6826.66,6821.03114000571
9620.981,9572.82039787111
9289.593,9296.28798796379
7341.39,7320.02219835757
9557.689,9547.83261524454
9315.933,9314.99646890613
6971.686,6925.15629332403
8965.949,8992.92718593035
9399.462,9338.17354821823
9562.611,9543.69960105651
7302.236,7280.16006525106
6913.547,6900.86587053004
8992.365,8996.39525539572
9051.063,9012.78794585493
7393.328,7351.85012169983
7844.978,7897.8216734293
8004.522,7992.71033976138
9973.315,9969.79119178506
9901.569,9934.03949831346
8680.692,8686.70391217158
7923.267,7927.35413650764
7334.434,7319.24578809116
9300.424,9303.84272377445
8962.189,8977.96496462941
9946.414,9936.64571886156
8761.932,8725.19521190725
9462.894,9500.2527542601
9998.713,9970.38961879565
7065.822,7022.86536156962
9923.448,9952.66460324376
9453.757,9498.00307300369
8751.532,8719.93913468977
9928.836,9932.43901519088
9073.555,9028.43323623527
8072.002,8033.3802810293
7842.835,7896.41147906227
7247.329,7295.45830143416
7935.285,7934.05375595903
7032.892,7015.13049681445
8933.467,8976.12466961563
7830.225,7899.82982613916
6848.167,6864.19346921858
8958.583,8985.38702987921
9026.841,9012.82256015169
8808.852,8747.45085352791
6967.16,6994.63462457645
9935.422,9947.27453333227
9515.772,9529.23803303144
9593.944,9558.04653955638
9046.538,9019.02834203604
9966.855,9958.03471866572
9367.328,9322.79565717127
9036.395,9009.17348820607
7926.524,7934.77811682292
8735.588,8717.54647109879
9107.108,9055.87479818297
9232.515,9266.50028575935
7363.349,7340.93657132568
9041.285,9021.73508454276
9069.299,9029.31070255089
7007.035,7006.70311937768
8058.009,8009.37200577096
9480.468,9506.40656706896
7121.181,7064.14032934582
9065.527,9029.44097591604
10010.919,9978.39938748185
6871.669,6870.14125561694
8688.925,8687.45985491951
8710.457,8708.25747805139
9308.398,9307.51923232434
8978.615,8995.24419341036
8029.392,7966.74087216739
9980.579,9961.8546737592
7937.218,7957.80385296485
7397.957,7355.20358922345
9545.402,9542.53362419025
9033.245,9019.53746794386
6994.563,6947.03917155593
7247.98,7284.75267114795
8706.876,8687.60184064585
7176.981,7227.96612380983
7200.972,7256.82140739107
6828.584,6838.94596581902
9087.383,9051.65993991052
7283.815,7307.92235580421
7230.841,7261.28379509221
9522.955,9533.5027473242
7908.499,7949.51114399094
6779.205,6828.14891792884
7921.921,7958.25092499225
7106.881,7066.88545756327
8932.858,8983.17093261981
7420.218,7370.87214118695
7113.41,7071.35357283639
8949.948,8991.52467116019
9987.684,9964.75083427585
7136.313,7073.08728671109
9360.964,9326.56636895015
9541.051,9534.76331121883
7894.96,7920.06871497275
9123.338,9066.8826023088
7956.198,7952.64597736427
6888.456,6915.81621993434
7857.44,7918.92755214388
9933.479,9942.25239493201
6944.318,6976.61958629475
8635.687,8665.732363955
6906.851,6956.72073728463
9545.227,9541.64197447004
8054.943,8026.92962629664
8969.006,9009.4733098407
6936.137,6914.22719200366
8673.897,8679.97965244163
7079.365,7060.14515492534
7853.998,7896.44545819953
7986.364,7988.24262868603
6833.123,6830.20218852836
8922.62,8974.09081523787
9361.53,9328.84015393279
8962.803,8991.85631455199
9988.015,9980.54430232457
7045.836,7029.38925619034
9288.63,9300.19318724481
9031.226,9022.98275149114
9600.944,9562.36826080844
8636.788,8672.84672342309
6816.835,6855.43944783566
9324.756,9306.28063603639
8700.59,8691.14743849325
8004.905,7986.28544544683
9031.597,9013.89718552262
9103.877,9049.25746080756
9420.394,9350.86716948392
6880.66,6871.95390657446
7909.082,7928.86981595344
9030.266,9005.33214029
7985.4,7983.39581125828
6844.716,6878.93128523128
6901.308,6879.25125697691
9353.058,9313.10698213902
9578.946,9553.05830404349
9520.192,9535.77933593354
9927.291,9951.55095934232
9446.421,9495.78930752118
9483.273,9510.56089164748
9497.152,9515.11396013524
7038.833,7025.06598670485
7196.729,7242.93292472584
8665.361,8679.98732903375
9531.898,9533.81357855043
9870.333,9917.05520245323
7923.67,7949.55239113185
7324.928,7315.994673821
8721.621,8701.1562288512
7298.688,7278.09646099599
7309.581,7312.14258035438
6993.565,6943.77411023257
8954.433,8989.33159593488
9503.818,9523.73298706077
6831.042,6864.74967249007
7243.03,7276.30524049732
9258.032,9283.16701811302
9534.804,9527.63096987803
7072.786,7039.04207883408
9227.649,9274.07454679002
7244.383,7249.30834586043
7291.176,7295.45990652175
6967.632,6974.95997656503
6901.131,6921.79079709834
6867.786,6949.68423118107
8667.399,8672.2998093291
10027.392,9985.82557715128
7185.047,7238.32197318529
8587.706,8648.20444902026
6969.587,6971.05682465857
9349.549,9316.02512379039
7331.236,7329.22116193274
8631.092,8664.84031760905
7269.103,7283.92186684088
9394.595,9348.64063587221
6822.055,6837.14928421352
7072.534,7041.8095106251
9442.723,9495.87866124239
7237.783,7237.62833656999
7189.949,7252.67916389226
10039.389,9986.47947023705
9557.244,9535.91261660824
9063.545,9033.50221232805
8958.168,8978.05307596699
7275.821,7258.79779720289
6944.037,6967.87629267854
9960.084,9962.40937265293
9068.491,9045.03598675011
9425.016,9358.03570518435
7125.517,7058.91134915074
6996.588,6986.69189739902
6910.192,6930.10672299523
9057.224,9019.79217952243
9598.33,9552.17814148042
7192.625,7229.68484825158
9530.847,9528.30841309124
7911.765,7934.94921367295
9468.899,9497.93985482235
7823.578,7880.81945959715
9329.343,9316.64093022469
10031.19,9974.36908873992
9432.677,9497.02502549966
8683.305,8697.49277815402
8667.272,8686.05950678418
9079.209,9030.35407853746
9410.411,9351.3085897236
9106.994,9047.89744473314
9465.941,9500.78107457956
7045.555,7022.75825688345
6985.74,6993.18059636256
9904.293,9930.64347974307
8994.06,9001.41894621215
7329.46,7290.75837083335
9347.293,9309.93206070997
8019.414,7999.3071308776
9338.577,9319.3519671075
7191.116,7242.31929223756
6917.501,6948.97275082825
7009.049,7018.87067517564
9962.554,9955.63137627245
8701.293,8692.74199612881
9037.701,9019.31103671704
7024.781,7014.42114714659
9319.004,9313.49536896034
6889.07,6977.96322885007
9971.66,9952.8036690025
9027.27,9023.20561614885
9905.207,9928.89565230632
6930.755,6916.43124067169
7915.287,7912.14055292775
6846.289,6856.43400401952
8669.251,8677.04325714924
7156.856,7221.75292566019
9876.803,9934.80793328933
9033.273,9022.55081644215
10007.084,9985.17933004265
6917.96,6911.21089351785
9235.707,9268.79795355542
7941.246,7943.12841234599
8891.003,8945.83785667794
9067.154,9031.08400956972
9023.583,9018.86234185572
9503.265,9526.92401195541
6862.311,6906.23988773354
9495.086,9527.83423704068
8003.583,7976.33779515579
8025.728,7971.07226256897
9611.112,9564.21968476578
10040.276,10002.9108647606
9487.648,9503.66054998702
8692.512,8693.81058577097
10003.702,9980.72718030513
9464.39,9500.47322170957
9028.256,9005.48838305926
7185.168,7215.4049322728
7390.182,7354.71111202127
9459.595,9497.45682735944
9870.709,9920.14100098187
7372.709,7338.94408137408
8647.217,8675.97219981471
10051.81,9991.30297987657
7919.655,7953.30757790529
8623.479,8670.80206750413
7010.411,7003.74780155397
7910.725,7919.15650493665
6906.818,6904.9489285715
6934.409,6907.70198827619
7243.276,7259.26288810057
7954.097,7982.04996136868
6939.479,6923.47940224327
9113.417,9061.11232046169
7082.442,7049.03224546424
7281.305,7303.69653776937
9450.169,9496.83288117514
7286.158,7290.24931527249
9275.626,9298.3305097716
8041.826,8012.40094193953
6912.475,6905.68642643993
7921.922,7932.80545542511
9904.022,9933.09295129905
6943.113,6896.64563214423
8588.918,8651.50036805388
6906.864,6971.65283372495
7253.304,7273.29719428919
7078.926,7038.25527470135
7075.043,7053.07727892973
9401.012,9346.74714655153
7838.042,7892.71334627199
8730.741,8705.95892047831
6832.808,6887.27012618394
8058.791,8026.50000290475
6806.239,6849.70340431365
10059.402,10005.627682095
7339.488,7309.83304692313
9239.162,9277.81915146141
7282.827,7262.04537889298
9447.363,9504.63644394261
9345.987,9324.54660034021
8049.085,8005.54513996392
7005.692,7004.57396853995
9083.016,9030.55052552172
9285.151,9290.30461203297
9962.917,9958.26839602814
8942.053,8970.01356646455
7880.299,7938.41775400711
9328.951,9313.75217360903
7086.507,7055.89494984717
9020.802,9023.66905382222
6956.066,6920.97333699797
7086.915,7053.70335125948
9285.561,9293.66430572292
9462.47,9498.53887699499
7068.798,7041.00276185946
7846.002,7905.57843769857
9912.342,9940.88753635503
9351.332,9322.43301506174
9459.466,9503.70645065185
6806.243,6813.57425398947
8695.272,8690.59712565275
8028.765,8008.47102255651
6836.347,6864.98223709979
8577.638,8643.07056070983
8748.15,8711.15970580996
7948.411,7935.49348790213
8567.188,8631.09733133945
7017.526,6971.44702186864
9291.532,9303.85228865804
9954.271,9949.28909114178
9934.118,9952.41455453745
8779.796,8722.94647350925
9272.933,9293.47662930586
9006.109,9014.96299548802
8980.826,8992.28275454085
7909.735,7949.69794046854
8609.837,8664.77424885263
10005.696,9983.65665601175
10051.8,9998.25243275282
9482.337,9512.86415916474
9090.815,9038.91431840216
7955.426,7969.1750243334
9595.877,9557.81940541769
9279.863,9299.2708180697
9923.842,9943.87611481238
7263.02,7287.58568605426
7923.604,7940.7152607847
9863.041,9907.64683063563
9319.504,9318.26633454736
7905.973,7927.89216176023
7369.361,7332.07602807501
6863.506,6859.79272128006
6882.603,6879.57914106591
9315.506,9314.12507560502
9458.077,9506.88231329008
6979.594,6987.58706806942
9934.765,9941.63760223844
8758.532,8721.34957953565
9130.88,9070.7151106127
8943.993,8969.57103057069
9517.263,9534.82091577414
9273.569,9296.38128566338
9248.594,9283.93628479256
9104.495,9048.96510052369
6995.075,7012.38106157036
8622.067,8667.98113617967
9905.616,9941.98133401479
9263.487,9298.48251764826
6883.456,6886.1950927521
7170.941,7230.34266083537
7868.073,7912.26144925186
9900.488,9935.2098512784
7025.372,7017.80191264636
8650.543,8663.62845571519
7959.133,7975.70352282554
9354.188,9311.22374883731
7372.964,7333.06362616551
9597.652,9564.0292241489
9454.073,9493.75328959451
9431.249,9484.89495798058
7883.142,7909.19085355938
8672.206,8683.81842230163
6735.826,6789.54553511915
9984.645,9973.10411188835
6796.017,6820.11441255499
6918.044,6897.4564153723
9591.941,9558.02498216745
9569.198,9550.22110184866
9533.388,9529.28836008844
7164.431,7213.79834262947
9842.168,9896.91444674679
7238.555,7257.68570965944
7090.858,7038.73786937016
6847.532,6843.27214876579
10060.128,9997.93436440854
7123.401,7082.59339163889
8639.365,8676.19322507704
9991.74,9971.96511068765
7089.752,7061.97123137371
7909.031,7915.35994645706
6960.043,6924.64735987824
9557.119,9547.86777340796
6965.624,6907.28853720998
8672.679,8687.45897082336
7938.242,7943.4162260166
7325.868,7323.85229437127
7268.475,7296.18422205965
9467.4,9499.06072066996
7401.165,7361.72317266805
9324.424,9311.11558105588
9872.178,9907.30301035132
7974.786,7991.81762785785
8659.529,8671.61554995907
9426.354,9495.19066629576
8040.378,8003.77564773694
9294.492,9303.04015231702
7114.747,7065.10086651647
7363.476,7339.77563539765
6980.342,7005.42929618885
8891.133,8951.30312289571
6957.018,6935.5022220315
9051.066,9030.94411880376
6948.533,6960.57497601426
8003.096,7988.66637123234
9541.247,9536.08300383477
7988.708,7982.47083440498
7985.396,7968.05355191594
6810.548,6822.35013605566
9979.913,9960.75799016623
6848.057,6852.19445717237
6857.645,6878.52387753549
9882.443,9930.31440907625
8674.44,8685.15557365813
9103.68,9052.70330032823
6928.349,6938.31548870918
6862.76,6864.49928375837
7223.775,7256.57869455598
8739.574,8711.99101563402
8768.17,8721.53417829202
6834.039,6877.8423482233
9571.718,9538.80426493844
8945.389,8988.54411257619
9311.236,9296.03999048424
8585.193,8636.95983689499
6732.776,6790.46954408662
6925.482,6952.92125265331
8655.832,8677.81298372684
9048.765,9020.49332310448
7050.832,7034.71788066394
9354.934,9326.6282384555
6975.02,6926.61776373955
6975.782,6934.37264079887
8715.73,8716.9192648447
9048.099,9013.64712382724
10073.154,10008.8677258342
8700.866,8709.52596447259
9236.476,9279.40244721395
9005.941,9007.34414445307
9002.302,9015.57069390259
6847.803,6844.7491695488
9522.358,9526.17512821312
8017.144,7990.47679690129
10021.359,9995.73567120589
7200.18,7212.68021710292
9942.302,9943.43319533849
8735.502,8702.71211647611
8686.183,8688.75000229162
6711.258,6790.48221835582
9417.95,9353.28467735683
8999.509,8996.36981538706
9319.966,9308.8163235844
6929.274,6947.73526192643
6787.323,6815.47604212841
9377.042,9335.37346193673
7078.031,7038.73223638999
9519.174,9524.74849370698
9087.287,9038.49944101996
7908.726,7955.69693307069
9588.003,9549.0107841961
9518.124,9524.2875024839
9248.476,9285.45534766389
6862.879,6847.15133872142
9240.508,9283.76304144465
7078.144,7027.57684374091
8716.288,8696.49444910419
8023.509,8006.39260478676
9311.577,9311.99868879374
9486.019,9514.55626294991
8014.919,8003.38438930342
6952.857,6926.5798037338
6929.499,6902.41479938137
8011.072,7978.57683224731
7941.07,7973.4359118838
6874.213,6849.14562527611
9955.253,9950.97704695268
6862.539,6857.12944144903
8934.212,8971.12314725233
9418.788,9491.31599963162
7969.482,7972.37484218198
7054.191,7015.02985675046
9355.227,9330.67457982121
8896.297,8957.27415628302
7017.986,7019.99898406174
9602.848,9564.14769533458
7309.524,7303.11766834504
6997.649,7007.55053858162
9886.825,9926.096181703
9238.849,9278.7764194604
7898.206,7939.44165015948
6830.316,6824.9544018051
8101.87,8036.18573951444
8624.714,8662.94150699203
9914.69,9929.16925472555
6823.716,6848.41844608721
8623.74,8668.09303451022
9299.443,9306.95419171729
8613.991,8663.68618707724
8965.448,8999.8185763238
10016.176,9973.08930269336
9543.203,9533.47661186751
7396.131,7359.30232146865
7225.223,7247.44270473704
7231.586,7279.5140090263
7822.515,7877.55133256576
7077.382,7018.98206745812
7383.144,7342.95666523113
6921.941,6954.65796454379
7026.045,7007.80574148753
8653.001,8676.01323852345
7846.205,7895.37332186655
9392.455,9338.16059502961
9417.803,9484.79001755743
9350.784,9315.52302597226
9447.857,9492.3103627915
9574.291,9541.28825712556
7330.658,7289.94806389544
8968.075,8991.55741533273
9284.458,9300.02150127923
6825.936,6870.09008611595
6750.748,6795.35919708707
7202.761,7224.02886473562
8974.462,8996.46167676069
7263.636,7284.04962623604
9925.622,9949.53803855665
8057.227,8024.58905539572
9877.38,9919.02802486453
9343.091,9319.85723081409
8906.298,8958.61474705795
9387.02,9343.84851841488
6953.689,6912.17463682799
7859.412,7910.27911571492
9860.042,9923.0058313737
7078.027,7029.8915202899
9023.172,9003.78786761307
9034.068,9016.16263808547
9322.293,9305.80503437634
9030.741,9014.63058466752
9064.599,9026.25619185127
6836.503,6844.11109966488
10069.1,10008.8227681511
9249.862,9274.55294445248
9482.01,9508.22343701968
9387.403,9336.52472702148
9442.129,9491.69710868078
6854.735,6866.9035018848
9374.438,9338.43098773805
6916.406,6951.73646831914
6921.021,6953.5165665188
8005.273,8005.32253775506
9233.981,9275.56715870272
8737.257,8703.35527496027
9936.55,9945.15495652501
8737.848,8702.87798757037
7006.986,7011.69982682401
7030.154,7026.69875054567
8736.686,8702.17775492914
9406.938,9347.7795769469
6871.516,6931.52579309941
7029.638,7027.41795097627
7313.37,7283.74632083185
8716.087,8708.94843208632
7936.853,7962.79654656501
9385.095,9332.15024796655
6813.709,6825.32030100024
9563.295,9539.94101480684
10014.223,9979.00919561054
9445.04,9488.93017037609
9439.892,9490.1196599519
8997.046,9006.35846501667
9483.699,9510.90180678245
6925.128,6893.45018065513
7201.017,7236.66843235308
9435.123,9490.59300324201
7114.858,7060.64132993384
9849.017,9908.01840125807
8772.309,8719.29895641408
9097.352,9037.4926229566
9369.246,9327.48453929181
9385.798,9337.27080878536
7094.726,7053.20133839641
8631.007,8668.14646264213
8058.186,8010.95233963371
9278.45,9295.07934547686
9446.571,9500.37228578677
9036.198,9015.30178725479
9266.68,9287.57369901394
7993.353,7994.21427663122
7406.974,7362.47181693754
7915.633,7961.29435861329
9874.71,9918.60151225195
8707.22,8695.21967739543
9485.974,9510.94181812828
7031.15,7036.94839927407
9262.926,9291.49174748857
9090.36,9042.01315005235
7086.811,7045.21747084491
8082.141,8028.73564555951
9090.932,9043.13503920881
9346.875,9325.3185235239
9454.444,9501.23797781877
7262.121,7270.97477607523
6964.21,6992.38334272574
7992.01,7985.16053649925
7006.03,7017.44785437573
9007.698,9002.23544481799
7241.871,7248.48343596628
7106.445,7049.25990124767
8647.131,8677.46377967324
9887.384,9917.7475706338
9549.251,9540.52005479717
9064.252,9022.88665288432
7318.811,7321.66152975356
8913.278,8962.60757379359
9389.422,9338.34966486311
10003.746,9972.52825821814
8590.522,8649.13301261001
7004.461,6994.11066635137
6955.368,6984.11148991111
6946.637,6961.40977826344
9539.67,9529.59491505355
7035.581,7009.9550465236
8733.497,8717.13217693737
6890.565,6952.21121940145
7026.388,7028.25835569168
9894.674,9945.17630840695
9450.088,9492.92622229602
9893.302,9920.72806940654
7377.578,7326.27889221368
9506.565,9531.52471057261
8623.308,8662.38803386802
8898.379,8953.5005742823
7198.992,7242.55145219056
6936.341,6981.10584073391
9000.137,9008.65335850987
7943.733,7963.19053990696
8606.195,8653.53315299955
8978.459,8994.01187011303
8015.36,8004.93362168397
9286.292,9296.42950265614
6939.983,6949.92324474076
6965.769,6996.71549703923
8690.084,8686.64467137058
8025.518,7986.62053546418
10044.072,9987.17391845717
9068.151,9031.92546371359
9918.57,9944.37134506292
6837.103,6852.43490862228
8112.61,8050.6990707775
7244.797,7276.10934797879
6951.35,6973.09231110134
7318.092,7311.26560899992
6952.642,6981.93628327784
8613.632,8661.69410151068
9581.906,9555.52209321468
9090.652,9041.59325839587
7929.192,7954.85993673789
9425.23,9354.69339057063
6839.24,6864.26989973931
7054.472,7036.73934226007
8572.201,8629.76780941664
9058.043,9024.93362539678
7253.731,7271.1699765731
8647.025,8687.07835971484
7061.008,7048.59639896316
6991.386,6997.80128280054
7878.882,7917.93029725883
9885.487,9913.00613636008
7333.477,7314.46531483469
7196.296,7230.7767734022
7045.712,7036.36965126959
8939.097,8971.33170127441
9858.947,9916.35933179985
9997.816,9956.97301330669
9418.004,9481.80433295286
7094.662,7057.54428348256
8668.584,8679.93975785164
6802.916,6836.14700452812
7904.916,7939.34745525233
7810.061,7885.54472255831
6963.744,6915.08913165104
6872.851,6859.19763482479
7957.461,7935.49023138715
8670.125,8682.89640574641
9317.693,9310.32800509342
9899.007,9928.31930909943
6847.735,6860.0438583508
7038.725,7025.35768498646
9602.528,9558.50393108059
9303.493,9306.69567229902
9026.613,9013.73871179136
7314.577,7289.18123525577
8953.351,8976.05606959645
6941.912,6958.78863371807
6903.827,6896.72950449013
7261.518,7279.84553429863
10077.459,10013.3689968019
6871.74,6926.89516592489
9085.339,9031.9036190967
7282.19,7296.54687175812
7377.966,7333.82768386131
6739.19,6799.62754832725
6888.969,6886.53224252293
9893.857,9915.99655067857
8992.267,8991.14854602166
8983.262,8990.89376372421
8053.126,8021.88216658388
7033.848,7021.2897738205
7280.404,7250.07822318126
9452.395,9485.70295578761
7002.815,6996.21986822609
9327.166,9305.83118258839
9595.052,9558.25562230299
9490.677,9515.1041422753
